"name","cuisine/0","cuisine/1","cuisine/2","cuisine/3","cuisine/4","cuisine/5","cuisine/6","cuisine/7","cuisine/8","cuisine/9","cuisine/10","priceLevel","phone","address","rating"
"Mystilli","Μεσογειακή","Ελληνική","Υγιεινή","Κατάλληλο για χορτοφάγους","Επιλογές βίγκαν",,,,,,,"€€ - €€€","+30 21 0325 1361","Adrianou 7, Αθήνα 10555 Ελλάδα","5"
"Fish Market","Θαλασσινά","Υγιεινή","Κατάλληλο για χορτοφάγους","Επιλογές βίγκαν",,,,,,,,"€€ - €€€","+30 21 0692 6991","Δορυλαίου 7 Mavili Square, Αθήνα 11521 Ελλάδα","5"
"Louis Bistrot","Ευρωπαϊκή","Μεσογειακή","Κατάλληλο για χορτοφάγους","Επιλογές βίγκαν",,,,,,,,"€","+30 21 0323 8673","Καλαμιώτου & Aθηναίδος 3, Αθήνα 10563 Ελλάδα","5"
"Μυρώνι","Μεσογειακή","Ελληνική","Κατάλληλο για χορτοφάγους","Επιλογές βίγκαν","Πιάτα χωρίς γλουτένη",,,,,,,"€€ - €€€","+30 21 0520 2339","Μεγάλου Αλεξάνδρου 7, Αθήνα 104 37 Ελλάδα","4.5"
"V1935 Mediterranean Tastes","Ελληνική","Υγιεινή","Κατάλληλο για χορτοφάγους","Πιάτα χωρίς γλουτένη",,,,,,,,"€€ - €€€","+30 21 0410 0603","Βουλής 29 Syntagma Square, Αθήνα 10557 Ελλάδα","5"
"Karminio - All day Eatery","Μπαρ","Ευρωπαϊκή","Ελληνική","Παμπ","Diner","Φαγητό του δρόμου",,,,,,"€€ - €€€","+30 21 0924 0007","Veikou 86, Αθήνα 11741 Ελλάδα","5"
"Tα Καραμανλίδικα του Φάνη","Μέσης Ανατολής","Μεσογειακή","Ελληνική","Πιάτα χωρίς γλουτένη",,,,,,,,"€€ - €€€","+30 21 0325 4184","Σωκράτους 1 & Ευριπίδου 52, Αθήνα 105 52 Ελλάδα","4.5"
"Μόντακιου","Kαφέ","Φαστ φουντ","Μεσογειακή","Ελληνική","Κατάλληλο για χορτοφάγους","Επιλογές βίγκαν",,,,,,"€","+30 21 0331 6500","Σταδίου 30 Στοά Κοραή, Αθήνα 10564 Ελλάδα","5"
"Ατίταμος","Μεσογειακή","Ευρωπαϊκή","Ελληνική","Υγιεινή","Κατάλληλο για χορτοφάγους","Επιλογές βίγκαν","Πιάτα χωρίς γλουτένη",,,,,"€","+30 21 0330 0864","Σόλωνος και Καποδιστρίου 2, Αθήνα 10677 Ελλάδα","4.5"
"Anteti","Μεσογειακή","Ευρωπαϊκή","Ελληνική","Κατάλληλο για χορτοφάγους","Επιλογές βίγκαν","Πιάτα χωρίς γλουτένη",,,,,,"€","+30 21 1710 8932","Τρώων 53 Πετράλωνα, Αθήνα 118 51 Ελλάδα","4.5"
"Grandpa Trattoria","Ιταλική","Πίτσα","Wine Bar","Ευρωπαϊκή","Ναπολιτάνικη","Καμπάνιας","Τοσκανική","Κεντρο-ιταλική","Νότιο-ιταλική","Κατάλληλο για χορτοφάγους","Επιλογές βίγκαν","€€ - €€€","+30 21 0923 0656","Γεωργίου Ολυμπίου 8A, Αθήνα 11741 Ελλάδα","5"
"Το κυκλάμινο","Ελληνική","Υγιεινή","Κατάλληλο για χορτοφάγους","Επιλογές βίγκαν","Πιάτα χωρίς γλουτένη",,,,,,,"€","+30 21 1115 9787","Πλ. Αβησσυνίας 3, Αθήνα 105 55 Ελλάδα","4.5"
"Athena's Cook","Μεσογειακή","Ελληνική","Κατάλληλο για χορτοφάγους","Επιλογές βίγκαν","Πιάτα χωρίς γλουτένη",,,,,,,"€€ - €€€","+30 21 0321 0790","Νίκης 20 Σύνταγμα, Αθήνα 105 57 Ελλάδα","4.5"
"Η Στάνη","Ελληνική","Κατάλληλο για χορτοφάγους",,,,,,,,,,"€","+30 21 0523 3637","Μ. Κοτοπούλη 10, Αθήνα 10431 Ελλάδα","4.5"
"Δυό Δεκάρες ή Όκά","Μεσογειακή","Γκριλ","Ελληνική","Κατάλληλο για χορτοφάγους","Επιλογές βίγκαν","Πιάτα χωρίς γλουτένη",,,,,,"€€ - €€€","+30 21 0922 0583","Αναστασίου Ζίννη 29-31 & Δημητρακοπούλου, δίπλα στο Σταθμό Μετρού Φιξ, Αθήνα 117 41 Ελλάδα","4.5"
"Smak","Μεσογειακή","Ελληνική","Πίτσα","Φαστ φουντ","Φαγητό του δρόμου","Κατάλληλο για χορτοφάγους",,,,,,"€","+30 21 1409 7046","Ρόμβης 21, Αθήνα 10560 Ελλάδα","5"
"Greek Stories","Ελληνική","Μεσογειακή","Κατάλληλο για χορτοφάγους","Επιλογές βίγκαν","Πιάτα χωρίς γλουτένη",,,,,,,"€€ - €€€","+30 694 460 7062","Μακρυγιάννη 19-21, Αθήνα 11742 Ελλάδα","4.5"
"Ευχάρις","Ελληνική","Κατάλληλο για χορτοφάγους","Επιλογές βίγκαν","Πιάτα χωρίς γλουτένη",,,,,,,,"€€ - €€€","+30 21 0322 6330","Αδριανού 49 Μοναστηράκι, Αθήνα 105 55 Ελλάδα","4.5"
"Elaea Μεζεδάδικο","Θαλασσινά","Μεσογειακή","Ελληνική","Γκριλ","Κατάλληλο για χορτοφάγους","Επιλογές βίγκαν","Πιάτα χωρίς γλουτένη",,,,,"€€ - €€€","+30 21 0921 2280","Ακρόπολις, Μακρυγιάννη 19-21, Αθήνα 117 42 Ελλάδα","4.5"
"IceRoll Monastiraki","Διεθνής","Κατάλληλο για χορτοφάγους","Επιλογές βίγκαν","Πιάτα χωρίς γλουτένη",,,,,,,,"€€ - €€€","+30 21 0323 8140","Αθηνάς 2 Ερμού, Αθήνα 10551 Ελλάδα","5"
"Μάνη Μάνη","Μεσογειακή","Ευρωπαϊκή","Ελληνική","Κατάλληλο για χορτοφάγους","Επιλογές βίγκαν","Πιάτα χωρίς γλουτένη",,,,,,"€€ - €€€","+30 21 0921 8180","Φαλήρου 10 Ακρόπολη, Αθήνα 11742 Ελλάδα","4.5"
"ΑΡΚΑΔΙΑ ΕΣΤΙΑΤΟΡΙΟ","Θαλασσινά","Μεσογειακή","Ευρωπαϊκή","Ελληνική","Κατάλληλο για χορτοφάγους","Επιλογές βίγκαν","Πιάτα χωρίς γλουτένη",,,,,"€€ - €€€","+30 21 0923 8124","ΜΑΚΡΥΓΙΑΝΝΗ 23-27, Αθήνα 11742 Ελλάδα","4.5"
"Wabi Sabi","Κινέζικη","Σούσι","Ασιατική","Ιαπωνική","Βιετναμέζικη","Κατάλληλο για χορτοφάγους","Επιλογές βίγκαν","Πιάτα χωρίς γλουτένη",,,,"€€ - €€€","+30 21 0330 6562","Κάνιγγος, 8, Αθήνα Ελλάδα","4.5"
"Royal Indian Chef","Ινδική","Επιλογές βίγκαν","Κατάλληλο για χορτοφάγους","Χαλάλ","Πιάτα χωρίς γλουτένη",,,,,,,"€€ - €€€","+30 21 0924 3029","55 Syngrou Avenue, Αθήνα 11742 Ελλάδα","4.5"
"Fine Mess Smokehouse","Αμερικανική","Διεθνής","Σύγχρονη","Μπάρμπεκιου","Πιάτα χωρίς γλουτένη",,,,,,,"€€ - €€€","+30 21 1115 5725","5 Delfon St., Αθήνα 10680 Ελλάδα","5"
"Το Κρασσοπούλιο του Κοκκόρα","Μεσογειακή","Ελληνική","Υγιεινή","Γκριλ","Κατάλληλο για χορτοφάγους","Επιλογές βίγκαν","Πιάτα χωρίς γλουτένη",,,,,"€€ - €€€","+30 21 0321 1565","Αισώπου 4 & Καραϊσκάκη, Ψυρρή, Αθήνα 10554 Ελλάδα","4.5"
"Choureal","Γαλλική",,,,,,,,,,,"€","+30 21 0331 7883","Ερμου 18 & Διομείας 2, Αθήνα Ελλάδα","4.5"
"Στοά Αλλιώς","Θαλασσινά","Μεσογειακή","Ευρωπαϊκή","Γκριλ","Υγιεινή","Κατάλληλο για χορτοφάγους","Επιλογές βίγκαν","Πιάτα χωρίς γλουτένη",,,,"€","+30 21 0382 5961","Γαμβετα 14 Kaniggos, Αθήνα 10677 Ελλάδα","4.5"
"Feyrouz","Λιβανέζικη","Φαστ φουντ","Μεσογειακή","Μέσης Ανατολής","Κατάλληλο για χορτοφάγους","Επιλογές βίγκαν",,,,,,"€","+30 21 3031 8060","Καρόρη 23 και Αιόλου, Αθήνα 10551 Ελλάδα","4.5"
"Λοστρέ κουζίνα","Μεσογειακή","Ελληνική","Κατάλληλο για χορτοφάγους","Επιλογές βίγκαν","Πιάτα χωρίς γλουτένη",,,,,,,"€€ - €€€","+30 21 0922 6600","Πυθέου 32 Νέος Κόσμος, Αθήνα 117 43 Ελλάδα","4.5"
"Indian Chef","Ινδική","Ασιατική","Κατάλληλο για χορτοφάγους","Επιλογές βίγκαν","Χαλάλ","Πιάτα χωρίς γλουτένη",,,,,,"€€ - €€€","+30 21 0923 6336","Λεωφ. Ανδρέα Συγγρού 55, Αθήνα 117 43 Ελλάδα","4.5"
"Aspro Alogo","Μεσογειακή","Ευρωπαϊκή","Ελληνική","Κατάλληλο για χορτοφάγους","Επιλογές βίγκαν",,,,,,,"€","+30 21 0322 0551","Απόλωνος & Πατρώου 4, Αθήνα 105 57 Ελλάδα","4.5"
"Masters Bar","Ιταλική","Ελληνική","Μπαρ","Πίτσα","Μεσογειακή","Ευρωπαϊκή","Κατάλληλο για χορτοφάγους",,,,,"€","+30 21 0331 1200","Ναυάρχου Απόστολη 11, Αθήνα 10554 Ελλάδα","4.5"
"The Greco's Project","Ελληνική","Μεσογειακή","Κατάλληλο για χορτοφάγους","Επιλογές βίγκαν","Πιάτα χωρίς γλουτένη",,,,,,,"€€ - €€€","+30 21 0325 2282","Μητροπόλεως 5 & Νίκης, Αθήνα 105 57 Ελλάδα","4.5"
"Simul Gastronomic Situ","Ευρωπαϊκή","Κατάλληλο για χορτοφάγους","Επιλογές βίγκαν","Πιάτα χωρίς γλουτένη",,,,,,,,"€€ - €€€","+30 21 0722 4737","Υψηλάντου 63 Κολωνάκι, Αθήνα 115 21 Ελλάδα","5"
"The James Joyce Irish Pub & Restaurant","Ιρλανδική","Παμπ","Μπυραρία","Μπαρ που σερβίρουν φαγητό","Κατάλληλο για χορτοφάγους","Πιάτα χωρίς γλουτένη",,,,,,"€€ - €€€","+30 21 0323 5055","Άστιγγος 12 Θησείο, Αθήνα 105 55 Ελλάδα","4.5"
"Το Παραδοσιακό (Ευγενία)","Θαλασσινά","Μεσογειακή","Ελληνική","Κατάλληλο για χορτοφάγους","Επιλογές βίγκαν","Πιάτα χωρίς γλουτένη",,,,,,"€","+30 21 0321 4121","44A Voulis Plaka, Αθήνα Ελλάδα","4.5"
"Μπουγατσάδικο η Θεσσαλονίκη","Kαφέ","Μεσογειακή","Ελληνική","Φαγητό του δρόμου","Παγωτά με φρούτα","Κατάλληλο για χορτοφάγους","Επιλογές βίγκαν",,,,,"€","+30 21 0322 2088","Πλατεία Ηρώων 1, Αθήνα 105 54 Ελλάδα","4.5"
"Kekkos Traditional Cafe and Pastry","Kαφέ","Ευρωπαϊκή","Ελληνική","Μεσογειακή","Κατάλληλο για χορτοφάγους",,,,,,,"€","+30 21 0751 1229","Εραστοθένους 7, Αθήνα 11635 Ελλάδα","5"
"Acropolis Secret Bar Restaurant","Μεσογειακή","Ευρωπαϊκή","Ελληνική","Κατάλληλο για χορτοφάγους","Επιλογές βίγκαν",,,,,,,"€€€€","+30 21 0928 0100","19-25 Parthenonos Divani Palace Acropolis Hotel, Αθήνα 117 42 Ελλάδα","4.5"
"six d.o.g.s","Μπαρ","Kαφέ","Λιβανέζικη","Ταϊλανδέζικη","Κατάλληλο για χορτοφάγους","Επιλογές βίγκαν",,,,,,"€€ - €€€","+30 21 0321 0510","6-8 Avramiotou str, 10551, Αθήνα Ελλάδα","4.5"
"Nomads Athens","Μπάρμπεκιου","Γκριλ","Παμπ","Εστιατόρια με μπύρα","Γαστροπάμπ",,,,,,,,"+30 693 666 0260","135 Ermou Street, Αθήνα 10555 Ελλάδα","5"
"Μυρτια","Μεσογειακή","Μπάρμπεκιου","Ελληνική",,,,,,,,,"€€ - €€€","+30 21 0937 0708","Αιδινιου 55, Αθήνα 171 22 Ελλάδα","4.5"
"Theta","Μεσογειακή","Ελληνική","Υγιεινή","Ευρωπαϊκή",,,,,,,,"€€ - €€€","+30 21 0321 9678","Adrianou 9, Αθήνα 10555 Ελλάδα","4.5"
"Αυλή","Ανατολικοευρωπαϊκή","Ελληνική","Κατάλληλο για χορτοφάγους","Επιλογές βίγκαν",,,,,,,,"€","+30 21 0321 7642","Αγίου Δημητρίου 12, Αθήνα 105 54 Ελλάδα","4.5"
"The brunch factory","Kαφέ","Μεσογειακή","Ελληνική","Υγιεινή","Κατάλληλο για χορτοφάγους","Επιλογές βίγκαν","Πιάτα χωρίς γλουτένη",,,,,"€","+30 21 0321 8636","Αθηνάς 11, Αθήνα 10554 Ελλάδα","4.5"
"Λεμονανθός","Μεσογειακή","Ελληνική","Κατάλληλο για χορτοφάγους","Επιλογές βίγκαν",,,,,,,,"€","+30 21 0345 3522","Τρώων 34, Αθήνα 11851 Ελλάδα","4.5"
"Old School - The Food Project","Μπαρ","Διεθνής","Μεσογειακή","Ελληνική","Επιλογές βίγκαν","Πιάτα χωρίς γλουτένη","Κατάλληλο για χορτοφάγους",,,,,"€€ - €€€","+30 21 0922 4070","Μακρυγιάννη  19-21, Αθήνα 117 42 Ελλάδα","4.5"
"Tα Καραμανλίδικα του Φάνη","Μεσογειακή","Ελληνική","Ντελικατέσεν","Μέσης Ανατολής",,,,,,,,"€€ - €€€","+30 21 0321 9119","Ερμού 119, Αθήνα 105 55 Ελλάδα","4.5"
"33 Αδριανού	 ","Μεσογειακή","Ελληνική","Μπαρ","Ευρωπαϊκή","Κατάλληλο για χορτοφάγους","Πιάτα χωρίς γλουτένη",,,,,,"€€ - €€€","+30 21 1411 2763","Αδριανού 33 Μοναστηράκι, Αθήνα 105 55 Ελλάδα","4.5"
"Baba Ghanoush","Μεσογειακή","Μέσης Ανατολής","Kαφέ","Φαγητό του δρόμου","Κατάλληλο για χορτοφάγους","Επιλογές βίγκαν","Πιάτα χωρίς γλουτένη",,,,,"€","+30 21 2105 0351","25-27 Embedokleous Plateia Varnava, Αθήνα 116 35 Ελλάδα","4.5"
"Καφενείο Η Ωραία Ελλάς","Μεσογειακή","Ευρωπαϊκή","Ελληνική","Γκριλ","Κατάλληλο για χορτοφάγους","Επιλογές βίγκαν",,,,,,"€€ - €€€","+30 21 0321 6850","Μητροπόλεως 59 Monastiraki, Αθήνα 10555 Ελλάδα","4.5"
"Στροφή Αθηναϊκό Εστιατόριο","Μεσογειακή","Ελληνική","Κατάλληλο για χορτοφάγους","Επιλογές βίγκαν","Πιάτα χωρίς γλουτένη",,,,,,,"€€ - €€€","+30 21 0921 4130","Ροβέρτου Γκάλλι 25 Ακρόπολη, Αθήνα 117 42 Ελλάδα","4.5"
"Ερωτόκριτος Σουβλάκι","Μεσογειακή","Μπάρμπεκιου","Ελληνική","Γκριλ","Κατάλληλο για χορτοφάγους","Επιλογές βίγκαν",,,,,,"€","+30 21 0381 2583","Κάνιγγος 3, Αθήνα 106 77 Ελλάδα","4.5"
"Yogolicious",,,,,,,,,,,,"€","+30 21 0323 7394","48 Adrianou 2103237394, Αθήνα 105 55 Ελλάδα","4.5"
"Ο Τζίτζικας κι ο Μέρμηγκας","Ελληνική","Κατάλληλο για χορτοφάγους","Επιλογές βίγκαν","Πιάτα χωρίς γλουτένη",,,,,,,,"€€ - €€€","+30 21 0324 7607","Μητροπόλεως 12-14 Σύνταγμα, Αθήνα 10431 Ελλάδα","4"
"Ροζαλία","Υγιεινή","Γκριλ","Κατάλληλο για χορτοφάγους","Επιλογές βίγκαν","Πιάτα χωρίς γλουτένη",,,,,,,"€€ - €€€","+30 21 0380 2725","Βαλτετσίου 59 Πλατεία Εξάρχεια, Αθήνα 10681 Ελλάδα","4"
"Ουζερί του Λάκη","Θαλασσινά","Μεσογειακή","Ελληνική","Κατάλληλο για χορτοφάγους","Επιλογές βίγκαν","Πιάτα χωρίς γλουτένη",,,,,,"€","+30 21 0821 3776","Ελπίδος 16 Πλ. Βικτωρίας, Αθήνα 104 34 Ελλάδα","4.5"
"Πάμε Τσίπουρο Πάμε Καφενείο- Αιόλου 31","Μεσογειακή","Ελληνική","Θαλασσινά","Κατάλληλο για χορτοφάγους","Επιλογές βίγκαν","Πιάτα χωρίς γλουτένη",,,,,,"€€ - €€€","+30 21 0325 0208","Αιόλου 31, Αθήνα 13676 Ελλάδα","4.5"
"City Zen","Μπαρ","Μεσογειακή","Ευρωπαϊκή","Ελληνική","Κατάλληλο για χορτοφάγους","Επιλογές βίγκαν","Πιάτα χωρίς γλουτένη",,,,,"€€ - €€€","+30 21 0325 4942","Αιολου 11 Μητροπολεως 80, Αθήνα 105 55 Ελλάδα","4.5"
"Μελίλωτος","Μεσογειακή","Ελληνική","Κατάλληλο για χορτοφάγους","Επιλογές βίγκαν","Πιάτα χωρίς γλουτένη",,,,,,,"€€ - €€€","+30 21 0322 2458","Καλαμιώτου 19, Αθήνα 105 60 Ελλάδα","4.5"
"SENSE Restaurant","Ελληνική","Σύγχρονη","Κατάλληλο για χορτοφάγους","Επιλογές βίγκαν",,,,,,,,"€€€€","+30 21 0920 0240","Διονυσίου Αρεοπαγίτου 5 στον έβδομο όροφο του ξενοδοχείου, Αθήνα 11742 Ελλάδα","4.5"
"Iliada","Ελληνική","Kαφέ","Φαστ φουντ","Διεθνής","Μεσογειακή","Κατάλληλο για χορτοφάγους",,,,,,"€€ - €€€","+30 21 1407 6438","Φιλελλήνων 22 & Κυδαθηναίων, Αθήνα 10557 Ελλάδα","5"
"Ρελαντί","Ελληνική","Μεσογειακή","Ευρωπαϊκή","Κατάλληλο για χορτοφάγους","Επιλογές βίγκαν",,,,,,,"€","+30 21 5535 1091","Ν. Γεννηματά 17, Αθήνα 115 24 Ελλάδα","5"
"Πρίγκιπας Streetfood Εξάρχεια","Ελληνική","Ψητοπωλείο","Φαστ φουντ","Μπάρμπεκιου","Γκριλ","Μεσογειακή","Κατάλληλο για χορτοφάγους",,,,,"€","+30 21 1405 0070","Χαριλάου Τρικούπη 23, Αθήνα 10681 Ελλάδα","4.5"
"Ο Γύρος που Γυρεύεις","Φαστ φουντ","Μεσογειακή","Ελληνική",,,,,,,,,"€","+30 21 0922 0902","Αθανασίου Διάκου 1, Αθήνα 117 42 Ελλάδα","4.5"
"Ariston","Φαστ φουντ","Ελληνική","Κατάλληλο για χορτοφάγους",,,,,,,,,"€","+30 21 0322 7626","Voulis 10, Αθήνα 105 62 Ελλάδα","4.5"
"BeerTime","Ελληνική","Μπαρ","Παμπ","Μπυραρία","Κατάλληλο για χορτοφάγους","Επιλογές βίγκαν","Πιάτα χωρίς γλουτένη",,,,,"€€ - €€€","+30 21 0322 8443","Πλατεία Ηρώων 1 Ψυρρή, Μοναστηράκι, Αθήνα 105 54 Ελλάδα","4.5"
"Πιάτσα Καλαμάκι Φωκίωνος Νέγρη","Ψητοπωλείο",,,,,,,,,,,"€","+30 21 0861 2195","Φωκίωνος Νέγρη 17, Αθήνα 11257 Ελλάδα","5"
"Αρτοποιότης ο Τάκης","Ελληνική","Κατάλληλο για χορτοφάγους","Επιλογές βίγκαν",,,,,,,,,"€","+30 21 0923 0052","Μισαραλιώτου 14, Αθήνα 117 42 Ελλάδα","4.5"
"κουλαρ λοκαλ","Μπαρ","Kαφέ","Ευρωπαϊκή","Ελληνική","Wine Bar","Κατάλληλο για χορτοφάγους","Επιλογές βίγκαν",,,,,"€€ - €€€","+30 21 6700 4917","3 Νορμανου, Αθήνα 105 55 Ελλάδα","4.5"
"Kiki de Grece","Μεσογειακή","Ευρωπαϊκή","Ελληνική","Wine Bar","Κατάλληλο για χορτοφάγους","Επιλογές βίγκαν",,,,,,"€€ - €€€","+30 694 526 0290","Ηπίτου 4, Αθήνα 105 57 Ελλάδα","4.5"
"Nolan","Διεθνής","Ιαπωνική","Μεσογειακή","Ασιατική","Ελληνική","Φιούζιον","Υγιεινή","Κατάλληλο για χορτοφάγους","Επιλογές βίγκαν","Πιάτα χωρίς γλουτένη",,"€€ - €€€","+30 21 0324 3545","Βουλής 31-33 Σύνταγμα, Αθήνα 105 57 Ελλάδα","4.5"
"Greek Gastronomy Center","Μεσογειακή","Ελληνική","Ευρωπαϊκή","Ντελικατέσεν","Γκριλ","Κατάλληλο για χορτοφάγους","Επιλογές βίγκαν","Πιάτα χωρίς γλουτένη",,,,"€€ - €€€","+30 21 2222 3623","9 Solonos St Kolonaki, Αθήνα 106 71 Ελλάδα","4.5"
"GB Roof Garden","Μεσογειακή","Ευρωπαϊκή","Ελληνική","Κατάλληλο για χορτοφάγους","Επιλογές βίγκαν","Πιάτα χωρίς γλουτένη",,,,,,"€€€€","+30 21 0333 0766","Οδ. Βασιλέως Γεωργίου Α' Πλατεία Σύνταγμα, Αθήνα 105 64 Ελλάδα","4.5"
"Κανέλλα","Μεσογειακή","Ευρωπαϊκή","Ελληνική","Κατάλληλο για χορτοφάγους","Πιάτα χωρίς γλουτένη","Επιλογές βίγκαν",,,,,,"€€ - €€€","+30 21 0347 6320","Κωνσταντινουπόλεως 70 & Ευμολπιδών, Γκάζι, Αθήνα 11854 Ελλάδα","4.5"
"Filema Restaurant","Μεσογειακή","Ελληνική","Κατάλληλο για χορτοφάγους","Επιλογές βίγκαν","Πιάτα χωρίς γλουτένη",,,,,,,"€€ - €€€","+30 21 0325 0222","Ρόμβης 16 Near Syntagma Square, Αθήνα 105 62 Ελλάδα","4.5"
"Αλεξάνδρα εστιατόριο","Μεσογειακή","Ελληνική","Κατάλληλο για χορτοφάγους","Επιλογές βίγκαν",,,,,,,,"€€ - €€€","+30 21 0642 0874","Πλ. Αργεντινής Δημοκρατίας 8Α Ζωναρά 21, Αθήνα 114 72 Ελλάδα","4.5"
"Mono Restaurant","Μεσογειακή","Ευρωπαϊκή","Ελληνική","Επιλογές βίγκαν","Πιάτα χωρίς γλουτένη",,,,,,,"€€ - €€€","+30 21 0322 6711","Mpenizelou Palaiologou 4C Plaka, Αθήνα Ελλάδα","4.5"
"StreetWok","Ασιατική","Κινέζικη","Φαστ φουντ","Κατάλληλο για χορτοφάγους","Επιλογές βίγκαν",,,,,,,"€","+30 21 0691 1818","Αιόλου 21, Αθήνα 105 63 Ελλάδα","4.5"
"Street Souvlaki - Κέντρο Αθήνας","Μεσογειακή","Ελληνική","Κατάλληλο για χορτοφάγους","Επιλογές βίγκαν",,,,,,,,"€","+30 21 0325 3939","Κολοκοτρώνη 30, Αθήνα 105 62 Ελλάδα","4.5"
"If Coffee & Resto","Διεθνής","Ελληνική","Diner","Wine Bar","Kαφέ","Μεσογειακή","Ευρωπαϊκή","Κατάλληλο για χορτοφάγους","Επιλογές βίγκαν",,,"€€ - €€€","+30 21 0921 0400","Ακρόπολη, Pl. Tsokri 1 Tsokris Square, Αθήνα 11742 Ελλάδα","5"
"Μυλόλιθος","Μεσογειακή","Ευρωπαϊκή","Ελληνική","Κατάλληλο για χορτοφάγους","Επιλογές βίγκαν","Πιάτα χωρίς γλουτένη",,,,,,"€€ - €€€","+30 21 0646 5731","Πανόρμου 20, Αθήνα 115 23 Ελλάδα","4.5"
"Gevomai Kai Magevomai","Μεσογειακή","Ελληνική","Κατάλληλο για χορτοφάγους","Επιλογές βίγκαν",,,,,,,,"€","+30 21 0345 2802","Nileos 11 Thisio, Αθήνα Ελλάδα","4.5"
"Σουβλάκι Ο Κώστας","Φαστ φουντ","Μεσογειακή","Ελληνική",,,,,,,,,"€","+30 21 0323 2971","ΒΑΣΙΛΙΚΗΣ 1  ΠΛΑΤΕΙΑ ΑΓΙΑΣ ΕΙΡΗΝΗΣ Μοναστηράκι, Αθήνα 105 60 Ελλάδα","4.5"
"Άμα Λάχει","Μεσογειακή","Ελληνική","Υγιεινή","Θαλασσινά","Φιούζιον","Κατάλληλο για χορτοφάγους","Επιλογές βίγκαν","Πιάτα χωρίς γλουτένη",,,,"€€ - €€€","+30 21 0384 5978","Καλλιδρομίου 69 Εξάρχεια, Αθήνα 106 83 Ελλάδα","4.5"
"Yiantes","Ελληνική","Υγιεινή","Κατάλληλο για χορτοφάγους","Επιλογές βίγκαν","Πιάτα χωρίς γλουτένη",,,,,,,"€€ - €€€","+30 21 0330 1369","Βαλτετσίου 44 Εξάρχεια, Αθήνα 106 81 Ελλάδα","4.5"
"Οινοπωλείο","Μεσογειακή","Ευρωπαϊκή","Ελληνική","Κατάλληλο για χορτοφάγους","Επιλογές βίγκαν",,,,,,,"€€ - €€€","+30 21 3008 1461","Αισχυλου 12α Psirri, Αθήνα 105 54 Ελλάδα","4.5"
"Oinoscent","Diner","Wine Bar","Κατάλληλο για χορτοφάγους","Πιάτα χωρίς γλουτένη",,,,,,,,"€€ - €€€","+30 21 0322 9374","45-47, Voulis Street Syntagma Plaka, Αθήνα 10558 Ελλάδα","4.5"
"Brigante","Ιταλική","Πίτσα","Μεσογειακή","Ευρωπαϊκή","Κατάλληλο για χορτοφάγους","Επιλογές βίγκαν",,,,,,"€","+30 21 1182 1400","Ξενοφώντος 6, Αθήνα 105 57 Ελλάδα","4.5"
"DaVinci","Πιάτα χωρίς γλουτένη",,,,,,,,,,,"€€ - €€€","+30 21 0325 3863","Αδριανού 50 Μοναστηράκι, Αθήνα 105 55 Ελλάδα","4.5"
"Bluefish Athens","Μεσογειακή","Ελληνική","Φιούζιον","Θαλασσινά","Ευρωπαϊκή","Κατάλληλο για χορτοφάγους","Επιλογές βίγκαν","Πιάτα χωρίς γλουτένη",,,,"€€ - €€€","+30 21 3036 4214","Καλογριώνη 6, Αθήνα 10556 Ελλάδα","4.5"
"2Μαζι","Μεσογειακή","Ευρωπαϊκή","Ελληνική","Σύγχρονη","Κατάλληλο για χορτοφάγους","Επιλογές βίγκαν","Πιάτα χωρίς γλουτένη",,,,,"€€€€","+30 21 0322 2839","Νικης48 Plaka, Αθήνα 105 58 Ελλάδα","4.5"
"Vezené Athens","Ψητοπωλείο","Μεσογειακή","Ευρωπαϊκή","Ελληνική","Πιάτα χωρίς γλουτένη",,,,,,,"€€€€","+30 21 0723 2002","Βρασίδα 11 Behind Hilton Hotel, Αθήνα 11528 Ελλάδα","4.5"
"Nice n Easy","Μεσογειακή","Ευρωπαϊκή","Ελληνική","Υγιεινή","Κατάλληλο για χορτοφάγους","Επιλογές βίγκαν","Πιάτα χωρίς γλουτένη",,,,,"€€ - €€€","+30 21 0361 7201","Ομήρου 60 & Σκουφά, Κολωνάκι, Αθήνα Ελλάδα","4"
"Σουβλάκι Η Λειβαδιά","Φαστ φουντ","Μεσογειακή","Ελληνική",,,,,,,,,"€","+30 21 0383 2413","Κανιγγος 2 - 4 Γαμβετα, Αθήνα 106 77 Ελλάδα","4.5"
"Αθηρι","Μεσογειακή","Ευρωπαϊκή","Ελληνική","Κατάλληλο για χορτοφάγους","Επιλογές βίγκαν","Πιάτα χωρίς γλουτένη",,,,,,"€€ - €€€","+30 21 0346 2983","πλαταιών 15, Αθήνα 104 35 Ελλάδα","4.5"
"Arte Athens","Ιταλική","Διεθνής",,,,,,,,,,"€","+30 21 3010 0700","Τριπόδων 16 Plaka Anafiotika, Αθήνα 105 58 Ελλάδα","5"
"Falafel House","Λιβανέζικη","Φαστ φουντ","Μεσογειακή","Μέσης Ανατολής","Κατάλληλο για χορτοφάγους","Επιλογές βίγκαν","Πιάτα χωρίς γλουτένη",,,,,"€","+30 21 0323 4183","Λ. Αθηνάς 23, Αθήνα 105 54 Ελλάδα","4.5"
"Salero","Μεσογειακή","Ευρωπαϊκή","Ισπανική","Θαλασσινά","Κατάλληλο για χορτοφάγους","Επιλογές βίγκαν","Πιάτα χωρίς γλουτένη",,,,,"€€ - €€€","+30 21 0381 3358","Valtetsiou 51 Exarcheia, Αθήνα Ελλάδα","4.5"
"Michail of Athens","Μεσογειακή","Ελληνική","Κατάλληλο για χορτοφάγους","Επιλογές βίγκαν",,,,,,,,"€€ - €€€",,"Αθήνα Ελλάδα","5"
"LUKUMAΔΕΣ","Kαφέ","Ελληνική","Φαγητό του δρόμου","Κατάλληλο για χορτοφάγους","Επιλογές βίγκαν",,,,,,,"€","+30 21 0321 0880","Αιόλου 21 Aghias Irinis Square, Downtown Athens, Αθήνα 105 51 Ελλάδα","4.5"
"Εν Αθήναις Αλεξάνδρα","Μεσογειακή","Μπάρμπεκιου","Ελληνική",,,,,,,,,"€","+30 21 1013 3533","Απόλλωνος 1 Σύνταγμα, Αθήνα 105 57 Ελλάδα","5"
"Yard all day bar restaurant","Μεσογειακή","Ευρωπαϊκή","Ελληνική","Υγιεινή","Κατάλληλο για χορτοφάγους","Επιλογές βίγκαν","Πιάτα χωρίς γλουτένη",,,,,"€€ - €€€","+30 21 0923 9792","Μακρυγιάννη 17, Αθήνα 117 42 Ελλάδα","4.5"
"Le Greche","Ιταλική",,,,,,,,,,,"€€ - €€€","+30 21 6700 6458","Μητροπόλεως 16 Σύνταγμα, Αθήνα 10557 Ελλάδα","4.5"
"Αγορά Restaurant-Bar","Θαλασσινά","Γκριλ","Μεσογειακή","Ευρωπαϊκή","Ελληνική","Κατάλληλο για χορτοφάγους","Επιλογές βίγκαν","Πιάτα χωρίς γλουτένη",,,,"€€ - €€€","+30 21 0642 6238","Βουρνάζου 31 Λ. Αλεξάνδρας, Αμπελόκηποι, Αθήνα 115 21 Ελλάδα","4.5"
"Nikitas","Μεσογειακή","Ευρωπαϊκή","Ελληνική","Κατάλληλο για χορτοφάγους","Επιλογές βίγκαν","Πιάτα χωρίς γλουτένη",,,,,,"€","+30 21 0325 2591","Αγ.Αναργύρων 19 Πλ.Ψυρρή, Αθήνα Ελλάδα","4.5"
"Βασίλαινας","Θαλασσινά","Μεσογειακή","Ελληνική","Υγιεινή","Σύγχρονη","Κατάλληλο για χορτοφάγους","Επιλογές βίγκαν","Πιάτα χωρίς γλουτένη",,,,"€€€€","+30 21 0721 0501","Βρασίδα 13 Περιοχή Hilton, Αθήνα 11528 Ελλάδα","4.5"
"Enastron","Γκριλ","Ελληνική","Ευρωπαϊκή","Κατάλληλο για χορτοφάγους","Επιλογές βίγκαν","Πιάτα χωρίς γλουτένη",,,,,,"€€ - €€€","+30 21 0321 6796","Μίκωνος 4 & Καραϊσκάκη, Πλ.Ψυρρή, Αθήνα 105 54 Ελλάδα","4.5"
"Οινομαγειρείο των Θεών","Μεσογειακή","Ελληνική","Υγιεινή","Κατάλληλο για χορτοφάγους","Επιλογές βίγκαν","Πιάτα χωρίς γλουτένη",,,,,,"€€ - €€€","+30 21 0923 3721","Μακρυγιάννη 23-27 Ακρόπολη, Αθήνα 11742 Ελλάδα","4.5"
"Μαύρος Γατος","Μεσογειακή","Ελληνική","Κατάλληλο για χορτοφάγους","Επιλογές βίγκαν","Πιάτα χωρίς γλουτένη",,,,,,,"€€ - €€€","+30 21 0723 6903","Πολέμωνος 4, Αθήνα 116 35 Ελλάδα","4.5"
"Fresko Yogurt Bar","Ελληνική","Υγιεινή","Κατάλληλο για χορτοφάγους","Πιάτα χωρίς γλουτένη",,,,,,,,"€","+30 21 0923 3760","3 Dionissiou Tou Areopagitou, Αθήνα 117 42 Ελλάδα","4.5"
"Smile Restaurant","Μεσογειακή","Ελληνική","Υγιεινή","Wine Bar","Φαγητό του δρόμου","Κατάλληλο για χορτοφάγους","Επιλογές βίγκαν","Πιάτα χωρίς γλουτένη",,,,"€","+30 21 0921 8911","24 Syngrou Avenue Plateia Tsokri Park, Close to Acropolis Metro Station, Αθήνα 11742 Ελλάδα","4.5"
"To Kati Allo","Μεσογειακή","Ελληνική","Κατάλληλο για χορτοφάγους","Επιλογές βίγκαν","Πιάτα χωρίς γλουτένη",,,,,,,"€","+30 21 0922 3071","Chatzichristou 12, behind Acropolis Museum Makrigianni, Αθήνα 117 42 Ελλάδα","4.5"
"Prosopa","Μεσογειακή","Ευρωπαϊκή","Ελληνική","Κατάλληλο για χορτοφάγους","Επιλογές βίγκαν","Πιάτα χωρίς γλουτένη",,,,,,"€€ - €€€","+30 21 0341 3433","Κωνσταντινουπώλεως 4 & Μεγάλου Βασιλείου 52 Ρούφ, Αθήνα Ελλάδα","4.5"
"Frankie","Ιταλική","Πίτσα","Μεσογειακή","Ευρωπαϊκή","Ναπολιτάνικη","Καμπάνιας","Νότιο-ιταλική","Κατάλληλο για χορτοφάγους","Επιλογές βίγκαν","Πιάτα χωρίς γλουτένη",,"€€ - €€€","+30 21 0364 7052","Σκουφά 42 Κολωνάκι, Αθήνα 10672 Ελλάδα","4.5"
"Μέγας Αλέξανδρος Greek Restaurant","Μεσογειακή","Ευρωπαϊκή","Ελληνική","Υγιεινή","Κατάλληλο για χορτοφάγους","Επιλογές βίγκαν","Πιάτα χωρίς γλουτένη",,,,,"€€ - €€€","+30 21 0520 3909","Μεγάλου Αλεξάνδρου 3, Αθήνα 104 37 Ελλάδα","4.5"
"Izakaya","Ιαπωνική","Θαλασσινά","Σούσι","Ασιατική","Κατάλληλο για χορτοφάγους","Επιλογές βίγκαν","Πιάτα χωρίς γλουτένη",,,,,"€€€€","+30 21 0724 4406","Λεβέντη 5 Κολωνάκι, Αθήνα 10673 Ελλάδα","4.5"
"Ciel Athens","Μεσογειακή","Μπαρ","Kαφέ","Ευρωπαϊκή","Ελληνική","Κατάλληλο για χορτοφάγους","Επιλογές βίγκαν",,,,,"€€ - €€€","+30 21 0331 4727","Μνησικλέους 2 Mitropoleos Square, Αθήνα 10556 Ελλάδα","4.5"
"Ραραού","Μεσογειακή","Ελληνική","Ευρωπαϊκή","Γαστροπάμπ","Κατάλληλο για χορτοφάγους","Επιλογές βίγκαν","Πιάτα χωρίς γλουτένη",,,,,"€€ - €€€","+30 21 0330 0237","Εμ. Μπενάκη 69Α &Βαλτετσίου & Βαλτετσίου, Αθήνα 10681 Ελλάδα","4.5"
"Taverna Saita","Μεσογειακή","Ελληνική","Κατάλληλο για χορτοφάγους","Επιλογές βίγκαν","Πιάτα χωρίς γλουτένη",,,,,,,"€€ - €€€","+30 21 0322 6671","Κυδαθηναίων 21 Πλάκα, Αθήνα 10558 Ελλάδα","4.5"
"Συμπόσιο Resto Bar","Ελληνική","Μεσογειακή","Υγιεινή",,,,,,,,,"€€ - €€€","+30 21 1418 4898","Απόλλωνος 22 Angle of the road Ypatias and Apollonos, Αθήνα 10557 Ελλάδα","5"
"Cafe Avissinia","Μεσογειακή","Ελληνική","Κατάλληλο για χορτοφάγους","Επιλογές βίγκαν","Πιάτα χωρίς γλουτένη",,,,,,,"€€ - €€€","+30 21 0321 7047","Κυνέτου 7 Μοναστηράκι, Αθήνα 105 55 Ελλάδα","4"
"Skyfall Cocktail & Food Bar","Μπαρ","Μεσογειακή","Ευρωπαϊκή","Ελληνική","Wine Bar","Κατάλληλο για χορτοφάγους","Επιλογές βίγκαν","Πιάτα χωρίς γλουτένη",,,,"€€ - €€€","+30 694 537 7397","Mάρκου Μουσούρου 1 & Αρδηττού, Αθήνα 116 36 Ελλάδα","4.5"
"MOMA","Kαφέ","Μεσογειακή","Ελληνική","Κατάλληλο για χορτοφάγους","Επιλογές βίγκαν","Πιάτα χωρίς γλουτένη",,,,,,"€€ - €€€","+30 21 0321 1233","Adrianou 29, Αθήνα 105 55 Ελλάδα","4"
"Gyristroula","Φαστ φουντ","Μεσογειακή","Ελληνική","Κατάλληλο για χορτοφάγους","Επιλογές βίγκαν",,,,,,,"€","+30 21 0321 1966","Square Asomaton 9 & Andrianou, Αθήνα Ελλάδα","4"
"Tivoli","Ελληνική","Μεσογειακή","Diner","Wine Bar","Κατάλληλο για χορτοφάγους","Επιλογές βίγκαν",,,,,,"€€ - €€€","+30 694 558 4130","Εμμανουήλ Μπενάκη 34, Αθήνα 106 78 Ελλάδα","5"
"Ο Τυπογράφος","Ελληνική","Μεσογειακή","Κατάλληλο για χορτοφάγους","Επιλογές βίγκαν",,,,,,,,"€","+30 21 3099 3067","Κοδράτου 18, Αθήνα 10437 Ελλάδα","5"
"Terrakarpo","Kαφέ",,,,,,,,,,,"€","+30 21 0923 0591","Χατζηχρήστου 14, Αθήνα 11742 Ελλάδα","5"
"L' Amiral Modern Greek Restaurant & Bar","Μεσογειακή","Ελληνική","Υγιεινή","Επιλογές βίγκαν","Κατάλληλο για χορτοφάγους",,,,,,,"€€ - €€€","+30 21 0010 0641","Panos 6, Αθήνα 10555 Ελλάδα","4.5"
"Tazza","Μπαρ","Kαφέ","Ευρωπαϊκή","Wine Bar","Κατάλληλο για χορτοφάγους","Επιλογές βίγκαν","Πιάτα χωρίς γλουτένη",,,,,"€€ - €€€","+30 21 1418 5517","Πετράκη 5 & Πεντέλης 9, Αθήνα 105 63 Ελλάδα","4"
"Hill Athens Rooftop Restaurant","Ελληνική","Μεσογειακή","Υγιεινή","Wine Bar","Κατάλληλο για χορτοφάγους","Επιλογές βίγκαν",,,,,,"€€ - €€€","+30 21 0346 9077","Αποστολου Παυλου 27, Αθήνα 11851 Ελλάδα","4.5"
"Jonah's Restaurant","Ευρωπαϊκή","Ελληνική","Κατάλληλο για χορτοφάγους","Επιλογές βίγκαν",,,,,,,,"€€ - €€€","+30 21 5540 0334","Βουρνάζου 31, Αθήνα 115 21 Ελλάδα","4.5"
"The Athens Gate Roof Top Restaurant","Μεσογειακή","Ελληνική","Κατάλληλο για χορτοφάγους","Επιλογές βίγκαν","Πιάτα χωρίς γλουτένη",,,,,,,"€€ - €€€","+30 21 0923 8302","The Athens Gate Hotel 10 Syngrou Ave, Αθήνα 11742 Ελλάδα","4.5"
"Electra Roof Garden Restaurant","Ελληνική","Κατάλληλο για χορτοφάγους","Επιλογές βίγκαν","Πιάτα χωρίς γλουτένη",,,,,,,,"€€€€","+30 21 0337 0058","Ναυάρχου Νικοδήμου 18-20 Electra Palace Athens, Αθήνα 105 57 Ελλάδα","4.5"
"Ακροπόλ Vintage Cafe","Ελληνική","Kαφέ","Κατάλληλο για χορτοφάγους","Επιλογές βίγκαν",,,,,,,,"€€ - €€€","+30 21 0346 5543","Ακάμαντος 3 Θησείο, Αθήνα 118 51 Ελλάδα","5"
"Κούβελος","Μεσογειακή","Ελληνική","Κατάλληλο για χορτοφάγους","Επιλογές βίγκαν",,,,,,,,"€€ - €€€","+30 21 1405 2418","Γενναίου Κολοκοτρώνης 66, Αθήνα 117 41 Ελλάδα","4.5"
"Lontos","Μεσογειακή","Ευρωπαϊκή","Ελληνική","Κατάλληλο για χορτοφάγους","Επιλογές βίγκαν","Πιάτα χωρίς γλουτένη",,,,,,"€€ - €€€","+30 21 0346 3844","Απόστολου Παύλου 35 Θησείο, Αθήνα 11851 Ελλάδα","4.5"
"Σπονδή","Γαλλική","Ευρωπαϊκή","Κατάλληλο για χορτοφάγους","Επιλογές βίγκαν","Πιάτα χωρίς γλουτένη",,,,,,,"€€€€","+30 21 0756 4021","5 Pirronos Pagkrati, Αθήνα 116 36 Ελλάδα","4.5"
"MERCERI food & drink","Ελληνική",,,,,,,,,,,,"+30 21 0341 7511","Ηρακλειδών 21 Θησείο, Αθήνα 11851 Ελλάδα","5"
"East Pearl Chinese Restaurant","Κινέζικη","Ασιατική","Κατάλληλο για χορτοφάγους","Επιλογές βίγκαν","Πιάτα χωρίς γλουτένη",,,,,,,"€€ - €€€","+30 21 0321 1218","Απόλλωνος 2 (Νίκης), Αθήνα 105 57 Ελλάδα","4.5"
"Ο Κώστας","Φαστ φουντ","Μεσογειακή","Ελληνική",,,,,,,,,"€","+30 21 0322 8502","Πεντέλης 5 Σύνταγμα, Αθήνα 10560 Ελλάδα","4.5"
"GH Attikos Restaurant","Μεσογειακή","Ευρωπαϊκή","Ελληνική","Κατάλληλο για χορτοφάγους","Επιλογές βίγκαν","Πιάτα χωρίς γλουτένη",,,,,,"€€ - €€€","+30 21 0921 5256","Γαριβάλδη 7 Ακρόπολη, Αθήνα 117 42 Ελλάδα","4.5"
"Masina","Μεσογειακή","Μπάρμπεκιου","Ελληνική","Κατάλληλο για χορτοφάγους","Επιλογές βίγκαν","Πιάτα χωρίς γλουτένη",,,,,,"€","+30 21 0931 3173","Λεωφορος Συγγρου 133, Αθήνα 117 45 Ελλάδα","4.5"
"Αθηναϊκόν","Ελληνική","Μεσογειακή","Ψητοπωλείο","Υγιεινή","Κατάλληλο για χορτοφάγους","Πιάτα χωρίς γλουτένη",,,,,,"€€ - €€€","+30 21 0383 8485","Θεμιστοκλεους 2 Πανεπιστημίου, Αθήνα 106 78 Ελλάδα","4.5"
"Δίαυλος","Μεσογειακή","Ελληνική","Kαφέ","Κατάλληλο για χορτοφάγους","Επιλογές βίγκαν",,,,,,,"€€ - €€€","+30 21 0325 0944","Ανδριανού 1 Θησείο, Αθήνα 10555 Ελλάδα","4.5"
"Το Καφενείον","Μεσογειακή","Ελληνική","Κατάλληλο για χορτοφάγους","Επιλογές βίγκαν","Πιάτα χωρίς γλουτένη",,,,,,,"€€ - €€€","+30 21 0324 6916","Επιχαρμού 1, Αθήνα 105 58 Ελλάδα","4.5"
"Chocolat Royal","Μεσογειακή","Ελληνική","Διεθνής","Κατάλληλο για χορτοφάγους","Επιλογές βίγκαν","Πιάτα χωρίς γλουτένη",,,,,,"€€ - €€€","+30 21 0346 9077","Αποστόλου Παύλου 27 Θησείο, Αθήνα 11851 Ελλάδα","4.5"
"Agora Select Restaurant","Μεσογειακή","Ευρωπαϊκή","Ελληνική","Διεθνής","Κατάλληλο για χορτοφάγους","Επιλογές βίγκαν","Πιάτα χωρίς γλουτένη",,,,,"€€ - €€€","+30 21 0725 2252","Χατζηγιάννη Μέξη 8 & Βεντήρη 9, Ιλίσια, Αθήνα 11528 Ελλάδα","4.5"
"Fagopoti","Μεσογειακή","Ελληνική","Κατάλληλο για χορτοφάγους","Επιλογές βίγκαν","Πιάτα χωρίς γλουτένη",,,,,,,"€€ - €€€","+30 21 0931 3777","23 Oceanidon Street & Timokreontos Agios Sostis, Νέα Σμύρνη 117 45 Ελλάδα","4.5"
"Mystic","Μεσογειακή","Υγιεινή","Μπαρ που σερβίρουν φαγητό","Κατάλληλο για χορτοφάγους","Επιλογές βίγκαν","Πιάτα χωρίς γλουτένη",,,,,,"€€ - €€€","+30 21 0959 2092","Φερεκύδου 2 Καλλιμάρμαρο, Αθήνα 116 35 Ελλάδα","4.5"
"Stick Bar","Μεσογειακή","Ελληνική","Γκριλ","Κατάλληλο για χορτοφάγους","Επιλογές βίγκαν","Πιάτα χωρίς γλουτένη",,,,,,"€","+30 21 0724 9802","Πατριάρχου Ιωακείμ 48 Κολωνάκι, Αθήνα Ελλάδα","4.5"
"Βλάσσης Εστιατοριο","Μεσογειακή","Ελληνική","Κατάλληλο για χορτοφάγους","Επιλογές βίγκαν","Πιάτα χωρίς γλουτένη",,,,,,,"€€ - €€€","+30 21 0725 6335","Μαιάνδρου 15, Αθήνα 115 28 Ελλάδα","4.5"
"Miran Deli","Ελληνική","Μεσογειακή","Ντελικατέσεν",,,,,,,,,"€€ - €€€","+30 21 0321 7187","Ευριπίδου 45, Αθήνα 105 54 Ελλάδα","4.5"
"PURE Juice Bar","Υγιεινή","Φιούζιον","Φαγητό του δρόμου","Κατάλληλο για χορτοφάγους","Επιλογές βίγκαν","Πιάτα χωρίς γλουτένη",,,,,,"€","+30 21 3036 3671","Σίνα 21, Αθήνα 106 80 Ελλάδα","4.5"
"NudieFoodiePsiri","Υγιεινή","Πίτσα","Διεθνής","Φιούζιον",,,,,,,,"€€ - €€€","+30 694 494 6719","ΑΙΣΧΥΛΟΥ 42 Psiri, Αθήνα Ελλάδα","5"
"Ταβέρνα Καραβίτης","Μεσογειακή","Ελληνική","Κατάλληλο για χορτοφάγους",,,,,,,,,"€€ - €€€","+30 21 0721 5155","Παυσανίου 4 Παγκράτι, Αθήνα Ελλάδα","4"
"Bar.B.Q","Μπάρμπεκιου","Ελληνική",,,,,,,,,,"€€ - €€€","+30 21 0931 9675","46 Venizelou Eleftheriou, Αθήνα 171 22 Ελλάδα","4"
"Ο Τέλης Μπριζόλες","Ψητοπωλείο","Μεσογειακή","Μπάρμπεκιου","Ελληνική",,,,,,,,"€","+30 21 0324 2775","Ευριπίδου 86 Πλατεία Κουμουνδούρου, Αθήνα 105 53 Ελλάδα","4"
"Atrium Greek Bistrot Restaurant","Ευρωπαϊκή","Ελληνική","Μεσογειακή","Κατάλληλο για χορτοφάγους","Επιλογές βίγκαν",,,,,,,"€€ - €€€","+30 21 4402 5700","Ροβέρτου Γκάλι 4, Αθήνα 117 42 Ελλάδα","4.5"
"TARANTINO BURGERS","Αμερικανική","Μπάρμπεκιου","Φιούζιον","Φαγητό του δρόμου","Εστιατόρια με μπύρα",,,,,,,"€","+30 21 0922 1659","Dimitrakopoulou 17, Αθήνα 11742 Ελλάδα","5"
"Warehouse CO2","Ντελικατέσεν","Wine Bar","Μπαρ","Μεσογειακή","Ευρωπαϊκή","Παμπ","Κατάλληλο για χορτοφάγους",,,,,"€€ - €€€","+30 21 0324 7048","Υπερείδου 1, Αθήνα 10558 Ελλάδα","4.5"
"The Flappers","Kαφέ","Μπαρ","Παμπ","Wine Bar","Κατάλληλο για χορτοφάγους",,,,,,,"€€ - €€€","+30 21 1413 8192","Αγίων Αναργύρων 43 Ψυρρή, Αθήνα 10554 Ελλάδα","5"
"Ο Θανάσης","Φαστ φουντ","Μεσογειακή","Μπάρμπεκιου","Ελληνική","Κατάλληλο για χορτοφάγους",,,,,,,"€","+30 21 0324 4705","Μητροπόλεως 69 Μοναστηράκι, Αθήνα 105 55 Ελλάδα","4"
"Cosmos Caffe","Διεθνής","Ελληνική","Kαφέ",,,,,,,,,"€","+30 21 0322 5772","Σταδίου 3, Αθήνα 105 62 Ελλάδα","5"
"Διόνυσος Zonar's","Μεσογειακή","Ευρωπαϊκή","Ελληνική","Κατάλληλο για χορτοφάγους","Επιλογές βίγκαν","Πιάτα χωρίς γλουτένη",,,,,,"€€€€","+30 21 0923 3182","Ροβέρτου Γκάλλι 43, Αθήνα 117 43 Ελλάδα","4"
"Hi-Φαι Grill House","Ψητοπωλείο","Ελληνική","Φαστ φουντ","Μεσογειακή","Μπάρμπεκιου","Ευρωπαϊκή","Κατάλληλο για χορτοφάγους","Επιλογές βίγκαν",,,,"€","+30 21 0363 6366","Σκουφα 46 Κολωνακι, Αθήνα 106 72 Ελλάδα","4.5"
"Coffee Dive","Ελληνική","Kαφέ",,,,,,,,,,"€","+30 21 0347 1761","Κειριαδών 52 Κάτω Πετράλωνα, Αθήνα 11854 Ελλάδα","5"
"Karyatis","Ελληνική","Κατάλληλο για χορτοφάγους","Επιλογές βίγκαν","Πιάτα χωρίς γλουτένη",,,,,,,,"€€ - €€€","+30 21 0322 3822","39 Kapikareas & 55 Adrianou Plaka, Αθήνα 105 56 Ελλάδα","4"
"360 Degrees","Kαφέ","Κατάλληλο για χορτοφάγους","Επιλογές βίγκαν","Πιάτα χωρίς γλουτένη",,,,,,,,"€€ - €€€","+30 21 0321 0006","Ηφαίστου 2 Μοναστηράκι, Αθήνα 105 55 Ελλάδα","4"
"Colibri","Ιταλική","Πίτσα","Διεθνής","Κατάλληλο για χορτοφάγους","Επιλογές βίγκαν",,,,,,,"€","+30 21 0701 1011","Evedokleous 9-15, Αθήνα Ελλάδα","4"
"Υδρία","Μεσογειακή","Ευρωπαϊκή","Ελληνική","Σύγχρονη","Υγιεινή","Κατάλληλο για χορτοφάγους","Επιλογές βίγκαν","Πιάτα χωρίς γλουτένη",,,,"€€ - €€€","+30 21 0325 1619","Αδριανού 68 & Εόλου, Πλάκα, Αθήνα 105 56 Ελλάδα","4"
"Άνετον","Ελληνική","Μεσογειακή",,,,,,,,,,"€€ - €€€","+30 21 0806 6700","Navarchou Nikodimou 3, Αθήνα 10557 Ελλάδα","4.5"
"Το Καφενειο","Μεσογειακή","Ελληνική","Κατάλληλο για χορτοφάγους","Επιλογές βίγκαν","Πιάτα χωρίς γλουτένη",,,,,,,"€€ - €€€","+30 21 0723 7757","Λουκιανού 26 Kolonaki, Αθήνα Ελλάδα","4.5"
"Kalamaki Kolonaki","Μεσογειακή","Μπάρμπεκιου","Ελληνική","Κατάλληλο για χορτοφάγους","Επιλογές βίγκαν","Πιάτα χωρίς γλουτένη",,,,,,"€","+30 21 0721 8800","Ploutarchou 32 Kolonaki, Αθήνα Ελλάδα","4"
"Zuccherino","Ιταλική","Ευρωπαϊκή","Ελληνική","Υγιεινή","Παγωτά με φρούτα","Πιάτα χωρίς γλουτένη",,,,,,"€","+30 21 0321 3015","Μητροπόλεως 80 Μοναστηράκι, Αθήνα 10555 Ελλάδα","4.5"
"Stamatopoulos Tavern","Μεσογειακή","Ευρωπαϊκή","Ελληνική","Κατάλληλο για χορτοφάγους","Επιλογές βίγκαν",,,,,,,"€€ - €€€","+30 21 0322 8722","Λυσίου 26 Plaka, Αθήνα 10558 Ελλάδα","4"
"Το Κούσουλο","Μεσογειακή","Ελληνική","Κατάλληλο για χορτοφάγους",,,,,,,,,"€€ - €€€","+30 21 1412 2239","Αμφικτυονος 27, Αθήνα 11851 Ελλάδα","4.5"
"Athens Status Acropolis Restaurant","Μεσογειακή","Ευρωπαϊκή","Ελληνική","Κατάλληλο για χορτοφάγους",,,,,,,,"€€ - €€€","+30 21 0331 4782","28 Petraki Athens Status Suites, Αθήνα 105 63 Ελλάδα","4.5"
"Osaka Sushi Bar","Ιαπωνική","Ασιατική","Θαλασσινά","Σούσι","Κατάλληλο για χορτοφάγους","Επιλογές βίγκαν","Πιάτα χωρίς γλουτένη",,,,,"€€ - €€€","+30 21 0331 7999","Μητροπόλεως 43, Αθήνα 10556 Ελλάδα","4.5"
"The Pie Shop","Ευρωπαϊκή","Kαφέ","Διεθνής","Επιλογές βίγκαν",,,,,,,,"€","+30 21 1403 7328","Βουλής 16 Metro Sintagma, Αθήνα 10563 Ελλάδα","5"
"Σεϋχέλλες","Μεσογειακή","Ευρωπαϊκή","Ελληνική","Κατάλληλο για χορτοφάγους","Επιλογές βίγκαν","Πιάτα χωρίς γλουτένη",,,,,,"€€ - €€€","+30 21 1183 4789","Κεραμεικού 49, Αθήνα 104 36 Ελλάδα","4"
"Indian Masala","Ινδική","Ασιατική","Κατάλληλο για χορτοφάγους","Επιλογές βίγκαν","Πιάτα χωρίς γλουτένη",,,,,,,"€€ - €€€","+30 21 0321 9412","Ερμού 129, Αθήνα 10555 Ελλάδα","4"
"Grill House Central","Γκριλ","Μεσογειακή","Μπάρμπεκιου","Ελληνική","Ιταλική","Κατάλληλο για χορτοφάγους",,,,,,"€€ - €€€","+30 21 1182 5074","2 Theodoro Delligianni Μεταξουργείο, Αθήνα 104 38 Ελλάδα","4.5"
"Το Καπλάνι","Μεσογειακή","Ελληνική",,,,,,,,,,"€€ - €€€","+30 21 0721 1161","Ευφρονίου 47 Περιοχή Caravel, Αθήνα 161 21 Ελλάδα","5"
"By The Glass wine bar & bistrot","Διεθνής","Ελληνική","Wine Bar","Μεσογειακή","Ευρωπαϊκή","Κατάλληλο για χορτοφάγους","Πιάτα χωρίς γλουτένη",,,,,"€€ - €€€","+30 21 0323 2560","Γιώργος Σούρης 3 & Φιλελλήνων, Αθήνα 10557 Ελλάδα","4"
"Taf Coffee","Kαφέ",,,,,,,,,,,"€","+30 21 0380 0014","Emmanouil Benaki 7, Αθήνα 10678 Ελλάδα","4.5"
"ΓΙΩΤΗΣ","Φαστ φουντ","Μεσογειακή","Ελληνική","Κατάλληλο για χορτοφάγους",,,,,,,,"€","+30 21 0522 0118","μεγάλου αλεξάνδρου 1 Karaiskaki Sqr, Αθήνα 104 37 Ελλάδα","4.5"
"Βενέτη","Kαφέ","Ελληνική","Κατάλληλο για χορτοφάγους","Επιλογές βίγκαν",,,,,,,,"€","+30 21 0323 8822","Αδριανού 97 Πλάκα, Αθήνα 105 58 Ελλάδα","4.5"
"Peas","Μεσογειακή","Kαφέ",,,,,,,,,,"€","+30 21 0921 8875","Φαλήρου 40, Αθήνα 11742 Ελλάδα","5"
"Just Pita","Φαστ φουντ","Μεσογειακή","Ελληνική","Γκριλ","Κατάλληλο για χορτοφάγους","Επιλογές βίγκαν",,,,,,"€","+30 21 0321 1101","18 Athinas Karamanou square, Αθήνα 105 51 Ελλάδα","4"
"Οδός Αισχύλου Ψητοπωλείο","Μεσογειακή","Μπάρμπεκιου","Ελληνική","Κατάλληλο για χορτοφάγους","Πιάτα χωρίς γλουτένη",,,,,,,"€€ - €€€","+30 21 0324 4117","Αισχύλου 14 Psiri, Αθήνα 105 54 Ελλάδα","4"
"Το Παλαιό Φρουραρχείο","Ελληνική","Μεσογειακή",,,,,,,,,,"€€ - €€€","+30 21 0322 8469","Αγίων Αναργύρων 6, Αθήνα 105 54 Ελλάδα","4.5"
"Ψυρρηκοκό","Μεσογειακή","Ελληνική","Κατάλληλο για χορτοφάγους","Επιλογές βίγκαν",,,,,,,,"€€ - €€€","+30 693 016 5263","Τάκη 24 Ψυρρη, Αθήνα 105 54 Ελλάδα","4.5"
"Υστερόγραφο","Μεσογειακή","Ελληνική","Ευρωπαϊκή","Κατάλληλο για χορτοφάγους",,,,,,,,"€","+30 21 0522 8370","Καρόλου 28 Πλατεία Καραϊσκάκη, Αθήνα 10437 Ελλάδα","4.5"
"Ζήσης - Ψαράκι στο Χωνάκι","Ελληνική","Θαλασσινά","Φαστ φουντ","Μεσογειακή",,,,,,,,"€","+30 21 0321 1152","Αθηναϊδος 3 Κέντρο, Αθήνα 10560 Ελλάδα","4"
"Zurbaran","Ελληνική","Μεσογειακή","Κατάλληλο για χορτοφάγους","Επιλογές βίγκαν","Πιάτα χωρίς γλουτένη",,,,,,,"€€€€","+30 21 0723 8334","Πατριάρχου Ιωακείμ 38 Κολωνάκι, Αθήνα 10673 Ελλάδα","4"
"Mayan Restaurant","Περουβιανή","Ασιατική",,,,,,,,,,,"+30 21 6202 0065","Meg. Alexandrou 114, Αθήνα 104 35 Ελλάδα","5"
"Διοσκουροι","Μεσογειακή","Ελληνική","Κατάλληλο για χορτοφάγους","Επιλογές βίγκαν",,,,,,,,"€€ - €€€","+30 21 0325 3333","Αδριανου 37 & 39 Μοναστηρακι, Αθήνα 105 55 Ελλάδα","4"
"Akira Sushi Bar Japanese Restaurant","Ιαπωνική","Ασιατική","Diner","Wine Bar",,,,,,,,,"+30 699 701 0051","Stadiou 30 & Korai 4 Stoa Korai, Αθήνα 10564 Ελλάδα","5"
"Το Σερμπετόσπιτο της Νάνσυ","Kαφέ",,,,,,,,,,,"€€ - €€€","+30 21 0321 1323","Πλατεία Ηρώων 3, Αθήνα 105 54 Ελλάδα","4"
"Dexameni","Μεσογειακή","Ελληνική","Kαφέ","Κατάλληλο για χορτοφάγους",,,,,,,,"€","+30 21 0722 4609","Plateia Dexamenis, Αθήνα Ελλάδα","4"
"Αμβροσία","Ελληνική","Κατάλληλο για χορτοφάγους","Επιλογές βίγκαν",,,,,,,,,"€","+30 21 0922 0281","Δράκου 3, Αθήνα 117 42 Ελλάδα","4"
"Τα Μπακαλιαράκια του Δαμίγου","Θαλασσινά","Μεσογειακή","Ελληνική","Κατάλληλο για χορτοφάγους",,,,,,,,"€€ - €€€","+30 21 0322 5084","Κυδαθηναίων 41 Πλάκα, Αθήνα 105 58 Ελλάδα","4"
"Vova Bar","Kαφέ","Επιλογές βίγκαν",,,,,,,,,,"€","+30 21 1013 0537","Βεΐκου 8, Αθήνα 117 42 Ελλάδα","4.5"
"Coco's Ice Cream & Frozen Yogurt",,,,,,,,,,,,"€","+30 21 0325 3993","Κυδαθηναίων 26 Πλάκα, Αθήνα 10558 Ελλάδα","4.5"
"Le Petit Bistrot - Chez Lucien","Γαλλική","Ευρωπαϊκή",,,,,,,,,,"€€ - €€€","+30 21 0341 0590","Τρώων 32 Ano Petralona, Αθήνα 11851 Ελλάδα","4"
"Εστιατόριο Club Neon","Ελληνική","Μεσογειακή","Κατάλληλο για χορτοφάγους","Επιλογές βίγκαν",,,,,,,,"€€ - €€€","+30 21 0522 4585","Σατωβριάνδου 7 Ομόνοια, Αθήνα 104 31 Ελλάδα","4"
"Πανδώρα","Ελληνική",,,,,,,,,,,"€","+30 21 0922 7782","Λεμπέση 1  & Μακρυγιάννη Near the Acropoli Museum and the Metro Station, Αθήνα 11742 Ελλάδα","5"
"Big Mouth","Φαστ φουντ","Κατάλληλο για χορτοφάγους","Επιλογές βίγκαν",,,,,,,,,"€","+30 21 0325 0449","Πραξιτέλους 20, Αθήνα 10560 Ελλάδα","4.5"
"Ακαδημιας Μπριζολακια","Μεσογειακή","Μπάρμπεκιου","Ελληνική","Γκριλ","Κατάλληλο για χορτοφάγους",,,,,,,"€","+30 21 0362 7234","Μαυρομιχάλη 9, Αθήνα 16679 Ελλάδα","4.5"
"Folk","Διεθνής",,,,,,,,,,,"€€ - €€€","+30 21 0322 1219","2 Vissis, Αθήνα 10551 Ελλάδα","5"
"The Dark Side of Chocolate","Kαφέ",,,,,,,,,,,"€€ - €€€","+30 21 0339 2348","Solonos 49, Αθήνα Ελλάδα","4.5"
"Novak Athens Towers","Ελληνική","Ευρωπαϊκή","Μεσογειακή","Wine Bar","Επιλογές βίγκαν","Κατάλληλο για χορτοφάγους",,,,,,"€€ - €€€","+30 21 0748 1446","Αγγέλου Πυρρή 5, Αθήνα Ελλάδα","4.5"
"Σπιρτόκουτο Cocktail Bar","Διεθνής","Ελληνική","Wine Bar",,,,,,,,,"€€ - €€€","+30 21 0934 0200","Ολυμπίου Γεωργίου 14 Κουκάκι, Αθήνα 117 41 Ελλάδα","5"
"Οινομπερδέματα","Μεσογειακή","Ελληνική",,,,,,,,,,"€€ - €€€","+30 21 0341 1461","Βασιλείου του Μεγάλου 10 & Στρατονίκης, Αθήνα 11854 Ελλάδα","5"
"Souvlaki Bar","Φαστ φουντ","Μπάρμπεκιου","Ελληνική","Μεσογειακή","Κατάλληλο για χορτοφάγους",,,,,,,"€","+30 21 0515 0550","Αδριανού 7 & Θησείου 15 Monastiraki, Αθήνα 105 55 Ελλάδα","4"
"Tapfield","Μπυραρία","Παμπ","Ελληνική",,,,,,,,,"€","+30 694 221 0158","Navarchou Apostoli 4, Αθήνα 10554 Ελλάδα","5"
"Hans & Gretel",,,,,,,,,,,,"€","+30 21 0331 5168","Αδριανού 48 Μοναστηράκι, Αθήνα 15341 Ελλάδα","4.5"
"Το Παραδοσιακο","Ψητοπωλείο","Μεσογειακή","Μπάρμπεκιου","Ελληνική","Πιάτα χωρίς γλουτένη",,,,,,,"€","+30 21 0323 1700","Κολοκοτρωνη 59, Αθήνα 105 60 Ελλάδα","4.5"
"Εστιατόριο Σχολαρχείον","Ελληνική","Κατάλληλο για χορτοφάγους","Επιλογές βίγκαν",,,,,,,,,"€€ - €€€","+30 21 0324 7605","Τριπόδων 14, Αθήνα 105 56 Ελλάδα","4"
"Αθηναϊκόν Εστιατόριο","Ελληνική","Υγιεινή","Ψητοπωλείο","Κατάλληλο για χορτοφάγους","Επιλογές βίγκαν","Πιάτα χωρίς γλουτένη",,,,,,"€€ - €€€","+30 21 0325 2688","Μητροπόλεως 34, Αθήνα 105 63 Ελλάδα","4.5"
"Alficon","Ελληνική","Σύγχρονη","Κατάλληλο για χορτοφάγους","Επιλογές βίγκαν","Πιάτα χωρίς γλουτένη",,,,,,,"€€€€","+30 21 6900 5059","Ηρώνδα 8 Καλλιμάρμαρο, Αθήνα 11636 Ελλάδα","4.5"
"iFeel Cafe Restaurant","Μπαρ","Kαφέ","Μεσογειακή","Ευρωπαϊκή","Ελληνική","Σύγχρονη","Υγιεινή","Κατάλληλο για χορτοφάγους","Επιλογές βίγκαν","Πιάτα χωρίς γλουτένη",,"€€ - €€€","+30 21 0323 2244","Καραισκάκη 33 Ψυρρή, Αθήνα 10554 Ελλάδα","4.5"
"Όπως παλιά","Diner","Ευρωπαϊκή","Ελληνική","Κατάλληλο για χορτοφάγους","Επιλογές βίγκαν","Πιάτα χωρίς γλουτένη",,,,,,"€","+30 21 0923 9718","Βείκου 2, Αθήνα 117 42 Ελλάδα","4.5"
"Lefteris o Politis","Φαστ φουντ","Ελληνική",,,,,,,,,,"€","+30 21 0522 5676","20 Satovriandou, Αθήνα 104 32 Ελλάδα","4.5"
"Angelo Et Manolo","Ελληνική","Wine Bar",,,,,,,,,,,"+30 21 0324 8115","Mitropoleos 38a Syntagma, Αθήνα Ελλάδα","5"
"η Σοκολάτα","Kαφέ",,,,,,,,,,,"€€ - €€€","+30 21 3030 2290","Βουλής 35 πλατεία Συντάγματος, Αθήνα 10557 Ελλάδα","4.5"
"Theikon grill house","Μεσογειακή","Μπάρμπεκιου","Ελληνική","Φαστ φουντ",,,,,,,,"€","+30 21 0323 7340","9, Aristogitonos Street, Αθήνα Ελλάδα","4.5"
"PS","Μεσογειακή","Ελληνική","Μπαρ","Παμπ","Κατάλληλο για χορτοφάγους",,,,,,,"€€ - €€€","+30 21 0522 8370","Καρόλου 28, Αθήνα 104 37 Ελλάδα","4.5"
"Winepoint","Wine Bar","Ελληνική",,,,,,,,,,"€€ - €€€","+30 21 0922 7050","2 Porinou, Αθήνα 117 42 Ελλάδα","4"
"Βανίλια bistro","Kαφέ","Ελληνική","Κατάλληλο για χορτοφάγους","Επιλογές βίγκαν",,,,,,,,"€€ - €€€","+30 21 5525 9301","Βεΐκου 40 και Ερεχθείου 2, Αθήνα 117 42 Ελλάδα","4.5"
"Μοντέρνοι Καιροί","Θαλασσινά","Μεσογειακή","Ελληνική",,,,,,,,,"€","+30 21 0691 3293","Νικολάου Γεννηματά 17 Αμπελόκηποι (στάση Πανόρμου), Αθήνα 115 24 Ελλάδα","4.5"
"7 Food Sins Gastro Pub","Γαστροπάμπ","Κατάλληλο για χορτοφάγους","Πιάτα χωρίς γλουτένη",,,,,,,,,"€€ - €€€","+30 21 0701 1108","Πλ. Φιλόμουσου Εταιρείας 1, Αθήνα 105 58 Ελλάδα","4"
"Plaki Sea Food Bar","Ιαπωνική","Μπαρ","Θαλασσινά","Ελληνική","Παμπ","Wine Bar",,,,,,,"+30 21 0324 9639","6 Kalogrioni Str 6 Kalogrioni Str, Plaka, Athens, 105 56, Αθήνα 105 56 Ελλάδα","5"
"Fuego Cocina Latin Food","Ελληνική","Μεσογειακή","Ευρωπαϊκή","Κατάλληλο για χορτοφάγους","Επιλογές βίγκαν",,,,,,,"€€ - €€€","+30 21 5551 2825","Αισώπου 3, Αθήνα 105 54 Ελλάδα","4.5"
"Εν Ιορδάνη","Ελληνική","Μεσογειακή","Κατάλληλο για χορτοφάγους","Επιλογές βίγκαν",,,,,,,,"€","+30 21 0322 4570","Αγίων Αναργύρων 3, Αθήνα 105 54 Ελλάδα","4.5"
"St'Astra","Μεσογειακή","Ασιατική","Ευρωπαϊκή","Ελληνική","Κατάλληλο για χορτοφάγους","Επιλογές βίγκαν",,,,,,"€€€€","+30 21 0889 4500","Λεωφόρος Αλεξάνδρας 10, Αθήνα 106 82 Ελλάδα","4.5"
"Μιγάδα","Μεξικάνικη","Ινδική","Ασιατική","Αραβική","Λατινική","Ισπανική","Κατάλληλο για χορτοφάγους","Επιλογές βίγκαν",,,,"€€ - €€€","+30 21 0331 6488","Πραξιτέλους 6, Αθήνα 10561 Ελλάδα","4.5"
"Ήβης","Ελληνική","Επιλογές βίγκαν","Κατάλληλο για χορτοφάγους",,,,,,,,,"€","+30 21 0323 2554","Ήβης 10 & Ν. Αποστόλη 19, Ψυρρή, Αθήνα 10554 Ελλάδα","4.5"
"ALEX The Fresh Pasta Bar","Βορειο-ιταλική","Ιταλική","Μεσογειακή","Ευρωπαϊκή","Κατάλληλο για χορτοφάγους","Επιλογές βίγκαν",,,,,,"€€ - €€€","+30 21 0364 4142","Μασσαλίας 16, Αθήνα 10673 Ελλάδα","4.5"
"Public Cafe Restaurant Σύνταγμα","Μεσογειακή","Ελληνική","Kαφέ","Κατάλληλο για χορτοφάγους","Επιλογές βίγκαν",,,,,,,"€€ - €€€","+30 21 0323 9101","1 Karageorgi Servias Str, Αθήνα Ελλάδα","4"
"Όυζερί Παπαιωάννου","Ελληνική",,,,,,,,,,,"€€ - €€€","+30 21 0364 5023","Βαλαωρίτου 7, Αθήνα 10671 Ελλάδα","4.5"
"Λιοσπορος","Kαφέ","Μεσογειακή","Ευρωπαϊκή","Μπαρ","Ελληνική","Παμπ","Κατάλληλο για χορτοφάγους","Επιλογές βίγκαν",,,,"€","+30 21 3024 9151","Μιαουλη 24 Πσυρρι, Αθήνα 105 54 Ελλάδα","4.5"
"La Pizzetta","Πίτσα","Κατάλληλο για χορτοφάγους","Επιλογές βίγκαν",,,,,,,,,"€","+30 21 1182 3444","Αιόλου 56, Αθήνα 10560 Ελλάδα","4.5"
"Μπαρμπουνάκι Κολωνάκι","Ελληνική","Θαλασσινά","Μεσογειακή","Κατάλληλο για χορτοφάγους","Επιλογές βίγκαν","Πιάτα χωρίς γλουτένη",,,,,,"€€ - €€€","+30 21 0724 2717","Χάρητος 39Β Κολωνάκι, Αθήνα 106 75 Ελλάδα","4"
"Hayat","Διεθνής","Μεσογειακή","Τουρκική","Φαγητό του δρόμου","Μέσης Ανατολής",,,,,,,"€","+30 21 5555 8580","Ιπποκράτους 78, Αθήνα 10680 Ελλάδα","5"
"Takh 13","Μεσογειακή","Ελληνική","Κατάλληλο για χορτοφάγους","Επιλογές βίγκαν",,,,,,,,"€€ - €€€","+30 698 323 4937","Αθήνα 105 54 Ελλάδα","4"
"Χοχλιδάκι","Θαλασσινά","Μεσογειακή","Ελληνική","Κατάλληλο για χορτοφάγους","Επιλογές βίγκαν","Πιάτα χωρίς γλουτένη",,,,,,"€€ - €€€","+30 21 0674 6661","Αδριανείου 31, Νέο Ψυχικό, Φιλοθέη-Ψυχικό 115 25 Ελλάδα","4"
"Πυρολίκι","Μεσογειακή","Ελληνική","Κατάλληλο για χορτοφάγους","Επιλογές βίγκαν",,,,,,,,"€","+30 21 0342 0293","Μεγ. Αλεξανδρου 117, Αθήνα 104 35 Ελλάδα","4.5"
"Τσιπουρομανια","Μεσογειακή","Ελληνική",,,,,,,,,,,"+30 698 690 2478","Τατοΐου 129 Μεταμόρφωση, Αθήνα Ελλάδα","4.5"
"Lolos","Μεσογειακή","Ελληνική","Θαλασσινά","Κατάλληλο για χορτοφάγους","Επιλογές βίγκαν",,,,,,,"€€ - €€€","+30 21 0921 7266","Γεωργ. Ολυμπίου 5, Αθήνα 11741 Ελλάδα","4.5"
"Taverna PANOS","Ευρωπαϊκή","Ελληνική","Μεσογειακή","Κατάλληλο για χορτοφάγους",,,,,,,,"€","+30 21 0921 9380","Μακρή 24 Ακρόπολης, Αθήνα 11742 Ελλάδα","4.5"
"Ο Μεξικανος","Μεξικάνικη","Λατινική","Κεντρικής Αμερικής","Νοτιοανατολική","Κατάλληλο για χορτοφάγους",,,,,,,"€€ - €€€","+30 21 0771 6900","Γεωργίου Παπανδρέου 47 Γουδή, Αθήνα Ελλάδα","4"
"Ikura Sushi Bar","Ιαπωνική","Σούσι","Ασιατική","Κορεάτικη","Σούπες","Θαλασσινά","Κατάλληλο για χορτοφάγους","Επιλογές βίγκαν",,,,"€€ - €€€","+30 21 2105 6345","Φιλελλήνων 7 & Ξενοφώντος, Αθήνα 105 57 Ελλάδα","4.5"
"Maracana Grill","Ψητοπωλείο","Βραζιλιάνικη","Λατινική","Μπάρμπεκιου",,,,,,,,"€€ - €€€","+30 21 0940 0801","Κολοκοτρώνη 55 Καλλιθέα, Αθήνα 17675 Ελλάδα","4"
"Oven Sesame","Φαστ φουντ","Μεσογειακή","Ελληνική","Κατάλληλο για χορτοφάγους","Επιλογές βίγκαν",,,,,,,"€","+30 21 0323 0038","Αιόλου 17, Αθήνα 10551 Ελλάδα","4.5"
"Erato Restaurant","Μεσογειακή","Ελληνική","Κατάλληλο για χορτοφάγους","Επιλογές βίγκαν","Πιάτα χωρίς γλουτένη",,,,,,,"€€ - €€€","+30 21 0324 7966","Adrianou Street 134 Plaka, Αθήνα 10556 Ελλάδα","4"
"Jing Chinese Restaurant","Κινέζικη","Σούπες","Κουζίνα του Πεκίνου","Κατάλληλο για χορτοφάγους","Επιλογές βίγκαν","Πιάτα χωρίς γλουτένη",,,,,,"€€ - €€€","+30 21 0322 7957","Νίκης 13 Πλατεία Συντάγματος, Αθήνα 105 57 Ελλάδα","4"
"Δια Ταύτα","Μεσογειακή","Ελληνική","Κατάλληλο για χορτοφάγους","Επιλογές βίγκαν","Πιάτα χωρίς γλουτένη",,,,,,,"€€ - €€€","+30 21 0321 2347","Αδριανού 37 Μοναστηράκι, Αθήνα 105 55 Ελλάδα","4"
"Αναφιώτικα Καφενείο - Μεζεδοπωλείο","Μεσογειακή","Kαφέ","Ελληνική","Κατάλληλο για χορτοφάγους","Επιλογές βίγκαν","Πιάτα χωρίς γλουτένη",,,,,,"€€ - €€€","+30 21 0324 4428","Μνησικλέους 24B Πλάκα, Αθήνα 105 56 Ελλάδα","4"
"Ζορμπάς","Μεσογειακή","Ελληνική","Κατάλληλο για χορτοφάγους","Επιλογές βίγκαν","Πιάτα χωρίς γλουτένη",,,,,,,"€€ - €€€","+30 694 481 7170","Λυσίου 15 Ερέχθειος, Πλάκα, Αθήνα 105 56 Ελλάδα","4"
"Κυβέλη","Ελληνική","Μεσογειακή","Ευρωπαϊκή","Κατάλληλο για χορτοφάγους","Επιλογές βίγκαν","Πιάτα χωρίς γλουτένη",,,,,,"€€ - €€€","+30 21 0821 9406","Επτανήσου 15 Πλατεία Αγίου Γεωργίου, Κυψέλη, Αθήνα 112 57 Ελλάδα","4.5"
"Ταβέρνα του Ψυρρή","Μεσογειακή","Ελληνική","Κατάλληλο για χορτοφάγους","Επιλογές βίγκαν",,,,,,,,"€€ - €€€","+30 21 0321 4923","Αισχύλου, 12 Ψυρρή, Αθήνα 105 54 Ελλάδα","4"
"Τα Σκαλάκια","Μεσογειακή","Μπάρμπεκιου","Ελληνική","Κατάλληλο για χορτοφάγους",,,,,,,,"€€ - €€€","+30 21 0722 9290","Διονησίου Αιγινήτου 32, Αθήνα 115 28 Ελλάδα","4.5"
"Vyrinis Greek Tavern","Ελληνική","Κατάλληλο για χορτοφάγους","Επιλογές βίγκαν","Πιάτα χωρίς γλουτένη",,,,,,,,"€€ - €€€","+30 21 0701 2153","Archimidous 11 Mets, Αθήνα 11635 Ελλάδα","4"
"Noel","Ιταλική","Μπαρ","Kαφέ","Ευρωπαϊκή","Wine Bar","Κεντρικής Ευρώπης","Κατάλληλο για χορτοφάγους","Επιλογές βίγκαν",,,,"€€ - €€€","+30 21 1215 9534","Κολοκοτρώνη 59β, Αθήνα 10560 Ελλάδα","4"
"Attika Aptonoieia","Ελληνική","Kαφέ","Κατάλληλο για χορτοφάγους","Επιλογές βίγκαν",,,,,,,,"€","+30 21 0646 5561","Ερμου, Αθήνα Ελλάδα","4.5"
"Νικηφορος","Μεσογειακή","Ελληνική","Κατάλληλο για χορτοφάγους","Επιλογές βίγκαν","Πιάτα χωρίς γλουτένη",,,,,,,"€€ - €€€","+30 21 0698 4057","Laskaridou 7 & Luizis Riankour, Ampelokipi, Αθήνα Ελλάδα","4"
"e&o Athens","Κινέζικη","Ταϊλανδέζικη","Βιετναμέζικη","Ιαπωνική","Ασιατική","Σούσι","Κατάλληλο για χορτοφάγους","Επιλογές βίγκαν",,,,"€€ - €€€","+30 21 0947 1234","Λεφόρος Ανδρέα Συγγρού 385 8th Floor, Αθήνα 17564 Ελλάδα","4.5"
"Potato King","Φαστ φουντ","Κατάλληλο για χορτοφάγους",,,,,,,,,,"€","+30 21 0331 5985","Αγιου Φιλιππου 7, Αθήνα 10554 Ελλάδα","4.5"
"Regal Cooking Bar","Σύγχρονη","Κατάλληλο για χορτοφάγους",,,,,,,,,,"€€ - €€€","+30 21 1012 3670","Μακρυγιάννη 29, Αθήνα 117 42 Ελλάδα","4"
"MusiqueCafe","Μπαρ","Μεσογειακή","Ευρωπαϊκή","Ελληνική","Κατάλληλο για χορτοφάγους","Επιλογές βίγκαν",,,,,,"€€ - €€€","+30 21 0723 8900","Αρριανού 37 και Αρχελάου, Αθήνα 116 35 Ελλάδα","4.5"
"Tuttitalia","Ιταλική","Πίτσα","Μεσογειακή","Ευρωπαϊκή","Επιλογές βίγκαν","Κατάλληλο για χορτοφάγους",,,,,,"€€ - €€€","+30 21 0338 9669","Βαλαωρίτου 14 Κολωνάκι, Αθήνα 106 71 Ελλάδα","4.5"
"Erythros Grill","Μεσογειακή","Ελληνική","Κατάλληλο για χορτοφάγους",,,,,,,,,"€","+30 21 0770 2690","Arkadias 3, Αθήνα Ελλάδα","4.5"
"Flat White Artisan Cafe","Kαφέ","Κατάλληλο για χορτοφάγους","Επιλογές βίγκαν",,,,,,,,,"€","+30 21 1411 7511","Καλλιρρόης 13, Αθήνα 11743 Ελλάδα","5"
"Le Petit Village","Kαφέ","Διεθνής","Ευρωπαϊκή","Κατάλληλο για χορτοφάγους","Επιλογές βίγκαν",,,,,,,"€","+30 21 0331 5616","Φωκίωνος 2 Πετράκη, Αθήνα 105 63 Ελλάδα","5"
"Αθηναΐς","Μεσογειακή","Ελληνική","Κατάλληλο για χορτοφάγους","Επιλογές βίγκαν",,,,,,,,"€","+30 21 0725 5447","Ριζάρη 26 Παγκράτι, Αθήνα 11635 Ελλάδα","5"
"Tastes of Damascus - Γευσεις της Δαμασκού","Μέσης Ανατολής","Επιλογές βίγκαν",,,,,,,,,,"€","+30 21 1117 7714","Fokionos Negri 19, Αθήνα 11257 Ελλάδα","5"
"Ζαχαροκάλαμο","Ιταλική","Πίτσα","Ευρωπαϊκή","Κατάλληλο για χορτοφάγους",,,,,,,,"€","+30 21 0380 2267","Γλάδστωνος 3 Στοά Φέξη, Αθήνα 106 77 Ελλάδα","5"
"Bartesera","Μεσογειακή","Μπαρ","Kαφέ","Σύγχρονη","Παμπ","Diner","Επιλογές βίγκαν",,,,,"€€ - €€€","+30 21 0322 9805","Κολοκοτρώνη 25, Αθήνα 105 62 Ελλάδα","4.5"
"Ζαχαροπλαστεία Κοσμικόν","Ελληνική",,,,,,,,,,,"€","+30 21 0864 9124","Λεωφόρος Ιωνίας 104, Αθήνα 104 46 Ελλάδα","4.5"
"Η Παλιά Ομόνοια","Ευρωπαϊκή","Ελληνική","Κατάλληλο για χορτοφάγους","Επιλογές βίγκαν","Πιάτα χωρίς γλουτένη",,,,,,,"€€ - €€€","+30 21 0520 3030","Πλατεία Ομονοίας 10, Αθήνα 10431 Ελλάδα","4.5"
"Winners Vegan","Μεσογειακή","Ευρωπαϊκή","Υγιεινή","Επιλογές βίγκαν",,,,,,,,"€€ - €€€","+30 21 0322 0916","Νίκης 27, Αθήνα 10557 Ελλάδα","5"
"O'Brettos Bar and Restaurant","Wine Bar",,,,,,,,,,,"€€ - €€€","+30 21 0323 2110","Plaka Kydathinaion 41, Αθήνα Ελλάδα","4.5"
"O&B Athens All Day Bar Restaurant","Ευρωπαϊκή","Μεσογειακή","Ελληνική",,,,,,,,,"€€ - €€€","+30 21 0331 2950","Λεωκορίου 5 Psiri, Αθήνα 105 54 Ελλάδα","4.5"
"Crust Pizza","Ιταλική","Πίτσα","Κατάλληλο για χορτοφάγους",,,,,,,,,"€","+30 21 0325 7179","Πρωτογενούς 13 near Monastiraki Metro station, Αθήνα 10554 Ελλάδα","4.5"
"Gaku Sushi - Izakaya @ Syntagma","Ιαπωνική","Σούσι","Ασιατική","Κατάλληλο για χορτοφάγους","Επιλογές βίγκαν",,,,,,,"€€ - €€€","+30 21 0323 0970","Απόλλωνος  2, Αθήνα 10557 Ελλάδα","4"
"Κόκκινος Κρίνος","Ψητοπωλείο","Ελληνική","Μεσογειακή","Κατάλληλο για χορτοφάγους","Επιλογές βίγκαν",,,,,,,"€","+30 21 0520 2077","Οδυσσέως 6, Αθήνα 104 37 Ελλάδα","4.5"
"Φαλαφελινας","Λιβανέζικη","Φαστ φουντ","Υγιεινή","Μέσης Ανατολής","Θαλασσινά","Μεσογειακή","Ελληνική","Φαγητό του δρόμου","Αραβική","Κατάλληλο για χορτοφάγους","Επιλογές βίγκαν","€","+30 21 0347 9948","Παγγαιου 2, Αθήνα 11855 Ελλάδα","5"
"Dosirak","Ιαπωνική","Σούσι","Ασιατική","Κορεάτικη","Κατάλληλο για χορτοφάγους","Επιλογές βίγκαν",,,,,,"€€ - €€€","+30 21 0323 3330","31 Voulis, Αθήνα Ελλάδα","4"
"The Ice Cream Shop",,,,,,,,,,,,"€","+30 21 0321 3153","Πλατεία Μοναστηρακί 7, Αθήνα 10555 Ελλάδα","4.5"
"Θανάσης 1948","Ευρωπαϊκή","Ψητοπωλείο","Μεσογειακή","Μπάρμπεκιου","Ελληνική",,,,,,,"€€ - €€€","+30 21 0228 8675","Καβάφη 48, Αθήνα 11143 Ελλάδα","4"
"Dos Gardenias","Καραϊβική","Ισπανική","Κουβανέζικη","Λατινική","Μπαρ","Κεντρικής Αμερικής",,,,,,"€","+30 21 0323 5349","Ήβης 21, Αθήνα 10554 Ελλάδα","4"
"Trattoria Plaka","Μεσογειακή","Ευρωπαϊκή","Ελληνική","Κατάλληλο για χορτοφάγους","Επιλογές βίγκαν","Πιάτα χωρίς γλουτένη",,,,,,"€€ - €€€","+30 21 0324 5474","Farmaki 4 Plaka, Αθήνα 10558 Ελλάδα","4"
"BabaJi Indian Food","Ινδική","Ασιατική","Κατάλληλο για χορτοφάγους","Επιλογές βίγκαν","Πιάτα χωρίς γλουτένη",,,,,,,"€€ - €€€","+30 21 0325 4841","Νίκης 11 Σύνταγμα, Αθήνα 105 57 Ελλάδα","4.5"
"Ουζερί η Λέσβος","Θαλασσινά","Μεσογειακή","Ελληνική","Κατάλληλο για χορτοφάγους","Επιλογές βίγκαν",,,,,,,"€","+30 21 0381 4525","Εμμανουήλ Μπενάκη 38, Αθήνα 106 78 Ελλάδα","4.5"
"The Zillers","Μεσογειακή","Ευρωπαϊκή","Κατάλληλο για χορτοφάγους","Επιλογές βίγκαν","Πιάτα χωρίς γλουτένη",,,,,,,"€€ - €€€","+30 21 0322 2277","Μητροπόλεως 54, Αθήνα 10563 Ελλάδα","4"
"Estiatorio Milos","Θαλασσινά","Μεσογειακή","Ευρωπαϊκή","Ελληνική","Κατάλληλο για χορτοφάγους","Επιλογές βίγκαν","Πιάτα χωρίς γλουτένη",,,,,"€€€€","+30 21 6600 3320","3-5 Kolokotroni Street, Αθήνα 105 62 Ελλάδα","4.5"
"Guarantee","Φαστ φουντ","Κατάλληλο για χορτοφάγους","Επιλογές βίγκαν",,,,,,,,,"€","+30 21 0922 6924","Βεικου 41, Αθήνα Ελλάδα","5"
"Galaxy Restaurant & Bar","Μεσογειακή","Ευρωπαϊκή","Wine Bar","Κατάλληλο για χορτοφάγους","Επιλογές βίγκαν","Πιάτα χωρίς γλουτένη",,,,,,"€€€€","+30 21 0728 1402","Λεωφ. Βασ. Σοφίας 46 Hilton Athens, Αθήνα 115 28 Ελλάδα","4"
"Aster","Μεσογειακή","Ελληνική","Κατάλληλο για χορτοφάγους","Επιλογές βίγκαν","Πιάτα χωρίς γλουτένη",,,,,,,"€","+30 21 0341 6668","48 Troon, Ano Petralona, Αθήνα Ελλάδα","4.5"
"Τζίτζηκας κι ο Μέρμηγκας","Μεσογειακή","Ελληνική","Κατάλληλο για χορτοφάγους","Επιλογές βίγκαν","Πιάτα χωρίς γλουτένη",,,,,,,"€€ - €€€","+30 21 0681 0529","Αισχύλου 26, Χαλάνδρι 152 34 Ελλάδα","4"
"O Γέρος του Μωριά","Μεσογειακή","Ελληνική","Κατάλληλο για χορτοφάγους","Επιλογές βίγκαν","Πιάτα χωρίς γλουτένη",,,,,,,"€€ - €€€","+30 21 0322 1753","Μνησικλέους 27, Αθήνα 105 56 Ελλάδα","4"
"Cupola","Ιταλική","Πίτσα","Μεσογειακή","Ναπολιτάνικη","Καμπάνιας","Νότιο-ιταλική","Κατάλληλο για χορτοφάγους","Επιλογές βίγκαν","Πιάτα χωρίς γλουτένη",,,"€€ - €€€","+30 21 1411 7444","Eυφορίωνος 13, Αθήνα 11635 Ελλάδα","4"
"Μικρα Ασια","Τουρκική","Μέσης Ανατολής","Χαλάλ","Κατάλληλο για χορτοφάγους",,,,,,,,"€","+30 21 0864 4698","Μοσχονησιων 20 Μοσχονησιων & θηρας, Αθήνα 112 52 Ελλάδα","4.5"
"7 Cactus","Ελληνική","Μεσογειακή","Ευρωπαϊκή","Κατάλληλο για χορτοφάγους","Επιλογές βίγκαν","Πιάτα χωρίς γλουτένη",,,,,,"€€ - €€€","+30 21 3045 2865","Δημητρακοπούλου 7 Κουκάκι, Αθήνα 11742 Ελλάδα","4.5"
"Σαλίγκαρος","Μεσογειακή","Ελληνική","Κατάλληλο για χορτοφάγους","Πιάτα χωρίς γλουτένη","Επιλογές βίγκαν",,,,,,,"€","+30 21 3022 6262","Σολωμού 37, Εξάχεια Αθήνα, Αθήνα 106 82 Ελλάδα","4.5"
"Bread Factory","Kαφέ","Διεθνής","Ευρωπαϊκή","Ελληνική","Ντελικατέσεν","Κατάλληλο για χορτοφάγους","Επιλογές βίγκαν",,,,,"€","+30 21 0520 2789","Αχιλλέως 2-4, Αθήνα 104 37 Ελλάδα","4"
"Bohemia","Ευρωπαϊκή","Τσέχικη","Ανατολικοευρωπαϊκή","Κεντρικής Ευρώπης","Κατάλληλο για χορτοφάγους",,,,,,,"€€ - €€€","+30 21 0642 6341","5 Tseliou Dimou Ampelokipi, Αθήνα 115 22 Ελλάδα","4.5"
"Lit Athens","Ελληνική",,,,,,,,,,,,"+30 21 0331 7457","Thisiou 15, Thiseio, Αθήνα 10555 Ελλάδα","5"
"Hard Rock Cafe","Diner","Αμερικανική","Μπαρ","Kαφέ","Κατάλληλο για χορτοφάγους","Επιλογές βίγκαν","Πιάτα χωρίς γλουτένη",,,,,"€€ - €€€","+30 21 0324 5170","Αδριανου 52 Monastiraki square, Αθήνα 105 55 Ελλάδα","4"
"Κληματαριά","Μεσογειακή","Ελληνική","Κατάλληλο για χορτοφάγους","Επιλογές βίγκαν",,,,,,,,"€€ - €€€","+30 21 0321 6629","Πλατεία Θεάτρου 2, Αθήνα 105 52 Ελλάδα","4"
"Balthazar","Μεσογειακή","Σούσι","Ευρωπαϊκή","Ελληνική","Κατάλληλο για χορτοφάγους","Επιλογές βίγκαν","Πιάτα χωρίς γλουτένη",,,,,"€€€€","+30 21 0644 1215","27 Tsocha Anastassiou, Αθήνα 115 21 Ελλάδα","4"
"Thea Terrace Bar","Μπαρ","Μεσογειακή","Κατάλληλο για χορτοφάγους",,,,,,,,,"€€ - €€€","+30 21 0323 4350","21 Apollonos Plaka, Αθήνα 105 57 Ελλάδα","4.5"
"Νάκαμα","Ιαπωνική","Σούσι","Ασιατική","Κατάλληλο για χορτοφάγους","Επιλογές βίγκαν","Πιάτα χωρίς γλουτένη",,,,,,"€€ - €€€","+30 21 0361 6053","Μασσαλίας 5, Αθήνα 106 80 Ελλάδα","4.5"
"Κόκκιον","Ελληνική","Κατάλληλο για χορτοφάγους",,,,,,,,,,"€€ - €€€","+30 698 156 3511","Πρωτογένους 2, Αθήνα 105 54 Ελλάδα","4.5"
"Ovio","Ιταλική","Πίτσα","Ευρωπαϊκή","Ναπολιτάνικη","Καμπάνιας","Νότιο-ιταλική","Κατάλληλο για χορτοφάγους",,,,,"€€ - €€€","+30 21 1411 5755","Απόλλωνος 4, Αθήνα 10557 Ελλάδα","4"
"Ερμείον","Μεσογειακή","Ελληνική","Κατάλληλο για χορτοφάγους","Επιλογές βίγκαν","Πιάτα χωρίς γλουτένη",,,,,,,"€€ - €€€","+30 21 0324 7148","Πανδρόσου 15 Plaka, Αθήνα Ελλάδα","4"
"Matonella",,,,,,,,,,,,"€","+30 21 0325 1717","Ερμού 82 Πλατεία Μοναστηρακίου, Αθήνα 105 54 Ελλάδα","4.5"
"Diferente","Μεξικάνικη",,,,,,,,,,,"€€ - €€€","+30 21 0721 2080","Βεντήρη 7 Next to Hilton Hotel, Αθήνα 115 28 Ελλάδα","5"
"Το Τριαντάφυλλο της Νοστιμιάς","Θαλασσινά","Μεσογειακή","Ελληνική","Κατάλληλο για χορτοφάγους","Επιλογές βίγκαν",,,,,,,"€","+30 21 0322 7298","Λέκκα 22, Αθήνα 15262 Ελλάδα","4.5"
"Maraboo ice cream","Ιταλική",,,,,,,,,,,"€€€€","+30 21 0724 7037","Αρχελάου 17, Αθήνα 116 35 Ελλάδα","5"
"Ο Τζίτζικας κι ο Μέρμηγκας","Ελληνική","Γκριλ","Μεσογειακή","Κατάλληλο για χορτοφάγους","Επιλογές βίγκαν",,,,,,,"€€ - €€€","+30 21 0223 2376","Πλατεία Παπαδιαμάντη 4 Άνω Πατήσια, Αθήνα 111 41 Ελλάδα","4.5"
"Zinglee","Μεσογειακή","Ελληνική","Ευρωπαϊκή","Κατάλληλο για χορτοφάγους","Επιλογές βίγκαν",,,,,,,"€€ - €€€","+30 21 0362 0842","Τσακάλωφ 2, Αθήνα 106 73 Ελλάδα","4.5"
"Ολύμπιον","Ελληνική","Μεσογειακή","Κατάλληλο για χορτοφάγους","Επιλογές βίγκαν",,,,,,,,"€","+30 21 0924 4388","Αναπαύσεως 9, Αθήνα Ελλάδα","4.5"
"Σπάλα","Ελληνική","Wine Bar",,,,,,,,,,"€€ - €€€","+30 21 0729 8778","Λεωφ Βασιλέως Αλεξάνδρου 1, Αθήνα 11528 Ελλάδα","4.5"
"Hanoi Vietnamese Restaurant","Βιετναμέζικη","Κεντρικής Ασίας",,,,,,,,,,"€€ - €€€","+30 21 3045 1379","Petraki 12, Αθήνα 105 63 Ελλάδα","4.5"
"Spitjack","Μπάρμπεκιου","Σύγχρονη","Diner","Ευρωπαϊκή",,,,,,,,"€€ - €€€","+30 21 0331 6003","Σκούφου 10, Αθήνα 10557 Ελλάδα","4.5"
"Πρεμιέρα","Ρώσικη","Μπάρμπεκιου","Ανατολικοευρωπαϊκή","Επιλογές βίγκαν",,,,,,,,"€€ - €€€","+30 21 7716 9500","Δοιράνης 29, Αθήνα 17671 Ελλάδα","4.5"
"Creme Royale","Kαφέ","Φαστ φουντ","Ντελικατέσεν","Φαγητό του δρόμου","Κατάλληλο για χορτοφάγους","Επιλογές βίγκαν",,,,,,"€","+30 21 0321 1370","Αθηνας 37, Αθήνα 105 54 Ελλάδα","4.5"
"Neratzia Cafe Bistro","Ελληνική","Υγιεινή","Kαφέ","Επιλογές βίγκαν","Κατάλληλο για χορτοφάγους",,,,,,,"€","+30 21 0924 3025","Ζαν Μωρέας 6, Αθήνα 11741 Ελλάδα","5"
"Banca cafe","Kαφέ","Κατάλληλο για χορτοφάγους",,,,,,,,,,"€","+30 21 0381 4323","Χαριλαου τρικουπη 11 Ακαδημιας, Αθήνα 106 78 Ελλάδα","5"
"Apollonia Lyra","Ελληνική","Κατάλληλο για χορτοφάγους","Επιλογές βίγκαν","Πιάτα χωρίς γλουτένη",,,,,,,,"€€ - €€€","+30 21 0322 9727","Λυσίου 12 & Μνησικλέους 23, Αθήνα 105 55 Ελλάδα","4"
"Kotili","Μεσογειακή","Ελληνική","Κατάλληλο για χορτοφάγους","Επιλογές βίγκαν","Πιάτα χωρίς γλουτένη",,,,,,,"€€ - €€€","+30 21 0323 2868","41-45 Adrianou Str Plaka, Αθήνα Ελλάδα","4"
"Πάμε τσίπουρο Πάμε καφενείο","Θαλασσινά","Μεσογειακή","Ευρωπαϊκή","Ελληνική","Γκριλ","Κατάλληλο για χορτοφάγους","Επιλογές βίγκαν",,,,,"€€ - €€€","+30 21 0867 9140","Φωκίωνος Νέγρη 50, Αθήνα 11361 Ελλάδα","4.5"
"Mokka","Kαφέ","Ελληνική",,,,,,,,,,"€","+30 21 0321 7063","44 Athinas Quartiere Psiri, Αθήνα 105 51 Ελλάδα","4.5"
"Poncho Tacos","Μεξικάνικη","Λατινική","Φαστ φουντ","Φαγητό του δρόμου",,,,,,,,"€","+30 21 0331 7538","Plateia Ag. Georgiou Karitsi 10, Αθήνα 10561 Ελλάδα","5"
"Για Δες","Ελληνική","Κατάλληλο για χορτοφάγους",,,,,,,,,,"€€ - €€€","+30 21 1214 0158","Χαλεπά 65, Γαλάτσι 11141 Ελλάδα","4.5"
"Dosa House","Ινδική","Υγιεινή","Διεθνής","Ασιατική","Γκριλ","Επιλογές βίγκαν","Κατάλληλο για χορτοφάγους",,,,,"€","+30 694 491 3371","Θεάτρου 3, Αθήνα 10552 Ελλάδα","5"
"Oggi","Ιταλική","Υγιεινή",,,,,,,,,,"€","+30 21 0324 6995","Βουλής 17, Αθήνα 10563 Ελλάδα","5"
"Cookoomela Grill","Φαστ φουντ","Μεσογειακή","Ελληνική","Κατάλληλο για χορτοφάγους","Επιλογές βίγκαν",,,,,,,"€","+30 21 1182 2343","Θεμιστοκλέους 43-45, Αθήνα 106 83 Ελλάδα","4.5"
"Heteroclito Wine Bar","Ελληνική","Wine Bar",,,,,,,,,,"€€ - €€€","+30 21 0323 9406","2 Fokionos, Αθήνα 105 63 Ελλάδα","4.5"
"Metropolis Roof Garden","Μεσογειακή","Ευρωπαϊκή","Ελληνική","Κατάλληλο για χορτοφάγους","Επιλογές βίγκαν",,,,,,,"€€€€","+30 21 4100 6200","Μητροπόλεως 15, Αθήνα 105 57 Ελλάδα","4.5"
"Σάββας","Ελληνική","Κατάλληλο για χορτοφάγους","Επιλογές βίγκαν",,,,,,,,,"€","+30 21 0321 1167","Ερμού 91 Μοναστηράκι, Αθήνα 105 55 Ελλάδα","4"
"Barley Cargo","Μπαρ","Παμπ","Μπυραρία",,,,,,,,,"€€ - €€€","+30 21 0323 0445","Κολοκοτρώνη 6, Αθήνα Ελλάδα","4.5"
"Estia Cafe Restaurant","Μεσογειακή","Ελληνική","Κατάλληλο για χορτοφάγους","Επιλογές βίγκαν","Πιάτα χωρίς γλουτένη",,,,,,,"€€ - €€€","+30 21 0331 2214","Kidathineon 35 Plaka, Αθήνα 105 58 Ελλάδα","4"
"Tirbouson","Μεσογειακή","Ελληνική","Κατάλληλο για χορτοφάγους",,,,,,,,,"€€ - €€€","+30 21 0341 0107","Konstantinoupoleos, 104 Keramikos, Αθήνα Ελλάδα","4.5"
"Πιπεριά","Θαλασσινά","Μεσογειακή","Ευρωπαϊκή","Ελληνική","Κατάλληλο για χορτοφάγους","Επιλογές βίγκαν","Πιάτα χωρίς γλουτένη",,,,,"€€ - €€€","+30 21 0672 9114","Αγγελου Σικελιανου 8 & Αδριανείου, Νέο Ψυχικό, Φιλοθέη-Ψυχικό 11525 Ελλάδα","4"
"OFF WHITE Cafe Gallery","Kαφέ","Κατάλληλο για χορτοφάγους","Επιλογές βίγκαν",,,,,,,,,"€€ - €€€","+30 21 1408 7310","Αιόλου 10, Αθήνα 105 56 Ελλάδα","4.5"
"Granello Pizza Italiana","Πίτσα","Ιταλική",,,,,,,,,,"€","+30 21 0322 6542","Perikleous 18, Αθήνα 10562 Ελλάδα","4.5"
"Misafir","Ευρωπαϊκή","Μέσης Ανατολής","Αρμένικη","Κατάλληλο για χορτοφάγους","Επιλογές βίγκαν",,,,,,,"€€ - €€€","+30 21 0321 1160","Ερμού 93 Monastiraki Square, Αθήνα 10555 Ελλάδα","4"
"Restaurant  Paula","Ελληνική","Κατάλληλο για χορτοφάγους","Επιλογές βίγκαν",,,,,,,,,"€","+30 21 1408 7679","3ης Σεπτεμβριου 44 & Πολυτεχνείου 12 National Archaeological Museum, Αθήνα 10433 Ελλάδα","4.5"
"Warehouse","Μπαρ","Μεσογειακή","Ευρωπαϊκή","Ελληνική","Wine Bar","Φιούζιον","Κατάλληλο για χορτοφάγους","Επιλογές βίγκαν",,,,"€€ - €€€","+30 21 5540 8002","Βαλτετσίου 21 & Mavromichali, Αθήνα 10680 Ελλάδα","4.5"
"Park Bench","Μεσογειακή","Γαστροπάμπ","Ελληνική","Διεθνής","Κατάλληλο για χορτοφάγους","Επιλογές βίγκαν",,,,,,"€€ - €€€","+30 21 2106 5303","Πραμάντων 10, Αθήνα 117 41 Ελλάδα","4.5"
"Philos Athens","Μεσογειακή","Ευρωπαϊκή","Διεθνής","Υγιεινή","Κατάλληλο για χορτοφάγους","Επιλογές βίγκαν",,,,,,"€€ - €€€","+30 21 0361 9163","Σόλωνος 32 Κολωνάκι, Αθήνα 10673 Ελλάδα","4.5"
"Berlin by 5 Drunk Men","Μπαρ","Παμπ","Κεντρικής Ευρώπης","Μπυραρία","Ευρωπαϊκή",,,,,,,"€","+30 21 0701 0006","Τιμοθέου 8, Αθήνα 116 34 Ελλάδα","4.5"
"Chau's","Ασιατική","Βιετναμέζικη","Σούπες","Κατάλληλο για χορτοφάγους","Επιλογές βίγκαν",,,,,,,"€€ - €€€","+30 21 0973 6500","66 Agiou Konstadinou Ilioupoli, Αθήνα 163 46 Ελλάδα","4.5"
"Umami Panda","Ασιατική","Ιαπωνική","Σούσι","Υγιεινή","Νοτιοαφρικάνικη","Κινέζικη","Ταϊλανδέζικη","Κατάλληλο για χορτοφάγους","Επιλογές βίγκαν",,,"€€ - €€€","+30 21 0921 8522","Γεωργακη Ολυμπιου 8, Αθήνα 11741 Ελλάδα","4.5"
"Nova Gea","Υγιεινή","Κατάλληλο για χορτοφάγους","Επιλογές βίγκαν","Πιάτα χωρίς γλουτένη",,,,,,,,"€","+30 21 1401 7427","Βύρωνος 6 Plaka, Αθήνα 105 58 Ελλάδα","4.5"
"Η Πίττα του Καράφλα","Φαστ φουντ","Μεσογειακή","Ελληνική","Ψητοπωλείο","Επιλογές βίγκαν","Πιάτα χωρίς γλουτένη",,,,,,"€","+30 21 0701 0333","Φιλολάου 142 Ευμένους 34, Αθήνα 116 32 Ελλάδα","4.5"
"42 Barstronomy .Athens","Ευρωπαϊκή","Μπαρ","Μεσογειακή","Επιλογές βίγκαν",,,,,,,,"€€ - €€€","+30 21 3005 2153","Κολοκοτρώνη 3, Αθήνα 105 62 Ελλάδα","4.5"
"Πορτατίφ","Kαφέ",,,,,,,,,,,"€€ - €€€","+30 21 0362 1866","Σίνα 21, Αθήνα 106 80 Ελλάδα","4.5"
"Φιλίππου","Μεσογειακή","Ελληνική","Κατάλληλο για χορτοφάγους","Επιλογές βίγκαν","Πιάτα χωρίς γλουτένη",,,,,,,"€€ - €€€","+30 21 0721 6390","Ξενοκράτους 19 Κολωνάκι, Αθήνα 10675 Ελλάδα","4"
"Μαύρος Γάτος","Μεσογειακή","Ελληνική","Κατάλληλο για χορτοφάγους","Επιλογές βίγκαν",,,,,,,,"€","+30 21 5545 1732","Ναυάρχου Αποστόλη 4, Αθήνα 105 54 Ελλάδα","4.5"
"ERGON House","Μεσογειακή","Ελληνική","Ευρωπαϊκή","Κατάλληλο για χορτοφάγους","Επιλογές βίγκαν","Πιάτα χωρίς γλουτένη",,,,,,"€€ - €€€","+30 21 0010 9090","Μητροπόλεως 26, Αθήνα 105 63 Ελλάδα","4"
"Athenian Callirhoe Hotel Roof Garden","Μεσογειακή","Ευρωπαϊκή",,,,,,,,,,"€€ - €€€","+30 21 0921 5353","32 Kallirrois, Αθήνα 117 43 Ελλάδα","4"
"Cafe Veneti","Kαφέ","Ευρωπαϊκή","Ελληνική","Κατάλληλο για χορτοφάγους","Επιλογές βίγκαν",,,,,,,"€","+30 21 0331 3077","Αθηνάς 33-37, Αθήνα 105 54 Ελλάδα","4"
"Η Παλία Ταβέρνα του Ψαράς","Ελληνική","Κατάλληλο για χορτοφάγους","Επιλογές βίγκαν","Πιάτα χωρίς γλουτένη",,,,,,,,"€€ - €€€","+30 21 0321 8733","Ερεχθέως 16 & Ερωτοκρίτου 12, Πλάκα, Αθήνα 105 56 Ελλάδα","4"
"Streetwok","Φαστ φουντ","Ασιατική","Κινέζικη","Φιούζιον","Κατάλληλο για χορτοφάγους","Επιλογές βίγκαν",,,,,,"€","+30 21 0691 1818","Πανορμου 115, Αθήνα 115 24 Ελλάδα","4.5"
"Η Φάμπρικα του Ευφρόσυνου","Ελληνική","Μεσογειακή","Υγιεινή","Wine Bar","Κατάλληλο για χορτοφάγους","Επιλογές βίγκαν","Πιάτα χωρίς γλουτένη",,,,,"€€ - €€€","+30 21 0924 6354","Αναστασίου Ζίννη 34, Αθήνα 117 41 Ελλάδα","4"
"Piadina Lumbro","Ιταλική","Πίτσα","Kαφέ","Μεσογειακή","Ευρωπαϊκή","Ναπολιτάνικη","Καμπάνιας","Νότιο-ιταλική","Κατάλληλο για χορτοφάγους","Επιλογές βίγκαν",,"€","+30 21 0364 6805","Ομήρου 15, Αθήνα 10672 Ελλάδα","4.5"
"Senso Cafe","Ελληνική","Kαφέ","Κατάλληλο για χορτοφάγους","Πιάτα χωρίς γλουτένη","Επιλογές βίγκαν",,,,,,,"€","+30 21 0345 2788","Αποστόλου Παύλου 29 Θησείο, Αθήνα 118 51 Ελλάδα","4.5"
"Juan Rodriguez Bar - Compania de Bebida","Kαφέ","Diner","Wine Bar","Μπαρ",,,,,,,,"€€ - €€€","+30 21 0322 4496","Παλλάδος 3 Ψυρρή, Αθήνα 10554 Ελλάδα","4.5"
"Cookoovaya","Μεσογειακή","Ευρωπαϊκή","Ελληνική","Κατάλληλο για χορτοφάγους","Επιλογές βίγκαν","Πιάτα χωρίς γλουτένη",,,,,,"€€€€","+30 21 0723 5005","Χατζηγιαννη Μεξη 2α, Αθήνα 115 28 Ελλάδα","4"
"Ραδιουργιες","Μεσογειακή","Ευρωπαϊκή","Ελληνική","Κατάλληλο για χορτοφάγους","Επιλογές βίγκαν",,,,,,,"€","+30 21 1012 1426","Κοιλης 33 Ανω Πετραλωνα, Αθήνα 118 52 Ελλάδα","4.5"
"Ζουμπουρλού","Ελληνική","Kαφέ",,,,,,,,,,"€","+30 21 0331 4854","ΑΙΣΧΥΛΟΥ 4, Αθήνα 10554 Ελλάδα","4.5"
"Black Duck Garden","Μεσογειακή","Ελληνική","Kαφέ","Ευρωπαϊκή","Κατάλληλο για χορτοφάγους","Επιλογές βίγκαν","Πιάτα χωρίς γλουτένη",,,,,"€€ - €€€","+30 21 0325 2396","Ιωάννου Παπαρρηγοπούλου 5-7, Αθήνα 105 61 Ελλάδα","4"
"Βάρκα","Θαλασσινά","Μεσογειακή","Ελληνική","Κατάλληλο για χορτοφάγους","Επιλογές βίγκαν","Πιάτα χωρίς γλουτένη",,,,,,"€€ - €€€","+30 21 0725 8826","Ιοφώντος 31 Πλατεία Κάραβελ, Παγκράτι, Αθήνα 116 34 Ελλάδα","4.5"
"Meat N Roses","Ψητοπωλείο","Μεσογειακή","Μπάρμπεκιου","Ελληνική",,,,,,,,"€€ - €€€","+30 21 0440 7777","Αμερικής 7, Αθήνα 10672 Ελλάδα","5"
"Cafe-Bar 67","Μπυραρία","Kαφέ","Ευρωπαϊκή","Γαστροπάμπ","Κατάλληλο για χορτοφάγους","Επιλογές βίγκαν",,,,,,"€","+30 21 0380 1771","Εμμανουήλ Μπενάκη 67 Εξάρχεια, Αθήνα 106 81 Ελλάδα","5"
"Αντώνη Cafe","Kαφέ","Φαστ φουντ","Μεσογειακή","Ελληνική","Κατάλληλο για χορτοφάγους","Επιλογές βίγκαν",,,,,,"€","+30 21 0331 8985","Υπερείδου 3 Πλάκα, Αθήνα 10558 Ελλάδα","5"
"GC George Cafe","Kαφέ","Ελληνική","Κατάλληλο για χορτοφάγους","Επιλογές βίγκαν",,,,,,,,"€","+30 21 0324 0903","Οθωνος 10 Συνταγμα Into The Gallery, Αθήνα 10557 Ελλάδα","5"
"Ριζα Ριζα","Μεσογειακή","Ελληνική","Kαφέ","Ευρωπαϊκή","Κατάλληλο για χορτοφάγους","Επιλογές βίγκαν","Πιάτα χωρίς γλουτένη",,,,,"€","+30 21 0922 7267","Drakou 19 Koukaki, Αθήνα Ελλάδα","4.5"
"Piazza Duomo","Ιταλική","Μεσογειακή","Ευρωπαϊκή","Ελληνική","Επιλογές βίγκαν","Κατάλληλο για χορτοφάγους",,,,,,"€€ - €€€","+30 21 0323 1290","Μητροπόλεως 52 Syntagma, Αθήνα 10563 Ελλάδα","4"
"Μπέμπα Cafe Bar Restaurant","Μεσογειακή","Ελληνική","Ευρωπαϊκή","Κατάλληλο για χορτοφάγους","Επιλογές βίγκαν","Πιάτα χωρίς γλουτένη",,,,,,"€€ - €€€","+30 21 1406 1847","Προδικου 6, Αθήνα 10436 Ελλάδα","4.5"
"Σπηλιά Της Ακρόπολης","Ευρωπαϊκή","Ελληνική","Θαλασσινά","Γκριλ","Wine Bar","Κατάλληλο για χορτοφάγους","Επιλογές βίγκαν","Πιάτα χωρίς γλουτένη",,,,"€€ - €€€","+30 21 0324 8593","Θρασύλλου 24 Πλάκα, Αθήνα 10558 Ελλάδα","4"
"Το 24ωρο","Μεσογειακή","Ελληνική","Κατάλληλο για χορτοφάγους","Επιλογές βίγκαν",,,,,,,,"€","+30 21 0922 1159","Λεωφόρος Συγγρού 44 Κουκάκι, Αθήνα 117 42 Ελλάδα","4.5"
"Aioli","Ευρωπαϊκή","Υγιεινή","Μεσογειακή","Κατάλληλο για χορτοφάγους","Επιλογές βίγκαν",,,,,,,"€","+30 21 0321 2444","Νίκης 34 Niks 34 Sindagma, Αθήνα 10557 Ελλάδα","5"
"Papadakis","Θαλασσινά","Μεσογειακή","Ευρωπαϊκή","Ελληνική","Κατάλληλο για χορτοφάγους","Επιλογές βίγκαν","Πιάτα χωρίς γλουτένη",,,,,"€€€€","+30 21 0360 8621","15 Fokilidou, Αθήνα 106 73 Ελλάδα","4"
"Amber Athens","Μεσογειακή","Διεθνής","Σούσι","Ελληνική","Υγιεινή",,,,,,,"€€ - €€€","+30 21 0322 7757","Κολοκοτρώνη & Λεοχάρους, Αθήνα 10560 Ελλάδα","4.5"
"Μικρό Πολίτικο","Ελληνική",,,,,,,,,,,"€","+30 21 0321 7879","Διονυσίου Αρεοπαγίτου 8, Αθήνα 105 58 Ελλάδα","4.5"
"Tαβέρνα Ελιά","Μεσογειακή","Ελληνική","Κατάλληλο για χορτοφάγους","Επιλογές βίγκαν",,,,,,,,"€€ - €€€","+30 21 0729 0322","Αντήνορος 42, Αθήνα 161 21 Ελλάδα","4"
"Diporto","Μεσογειακή","Ελληνική","Κατάλληλο για χορτοφάγους","Επιλογές βίγκαν",,,,,,,,"€","+30 21 0321 1463","Σωκράτους 9, Αθήνα 105 52 Ελλάδα","4"
"Meno Male","Ιταλική","Πίτσα","Kαφέ","Μεσογειακή","Wine Bar","Κατάλληλο για χορτοφάγους","Επιλογές βίγκαν",,,,,"€€ - €€€","+30 21 0923 1350","Veikou 10, Αθήνα 117 42 Ελλάδα","4.5"
"Premiere Restaurant & Lounge Bar","Ευρωπαϊκή","Μεσογειακή","Κατάλληλο για χορτοφάγους","Πιάτα χωρίς γλουτένη",,,,,,,,"€€€€","+30 21 0920 6000","Syngrou Avenue 89-93 Athenaeum InterContinental Hotel, Αθήνα 11745 Ελλάδα","4.5"
"Μάστρα","Θαλασσινά","Μεσογειακή","Ελληνική","Κατάλληλο για χορτοφάγους","Επιλογές βίγκαν","Πιάτα χωρίς γλουτένη",,,,,,"€€ - €€€","+30 21 0748 2642","Παπαδιαμαντοπούλου 34, Αθήνα 157 71 Ελλάδα","4.5"
"Πιάτσα Τυλιχτό Πανόρμου","Φαστ φουντ","Μεσογειακή","Μπάρμπεκιου","Ελληνική","Κατάλληλο για χορτοφάγους","Επιλογές βίγκαν",,,,,,"€","+30 21 3050 0900","Λαρίσης 33, Αθήνα 115 23 Ελλάδα","4"
"Dopios","Ελληνική","Μεσογειακή","Υγιεινή","Κατάλληλο για χορτοφάγους","Επιλογές βίγκαν",,,,,,,"€","+30 21 0331 0049","Σκουλενίου 1 Πλατεία Αγίων Θεοδώρων, Αθήνα 10561 Ελλάδα","4"
"New Taste Restaurant","Μεσογειακή","Κατάλληλο για χορτοφάγους",,,,,,,,,,"€€ - €€€","+30 21 0327 3170","New Hotel 16 Filellinon St, Αθήνα 105 57 Ελλάδα","4.5"
"Eat at Milton's","Σύγχρονη","Μεσογειακή","Ευρωπαϊκή","Ελληνική","Κατάλληλο για χορτοφάγους","Επιλογές βίγκαν","Πιάτα χωρίς γλουτένη",,,,,"€€€€","+30 21 0324 9129","Αδριανού 91 Πλάκα, Αθήνα Ελλάδα","4"
"Nikkei","Ιαπωνική","Περουβιανή","Ιαπωνική φιούζιον","Κατάλληλο για χορτοφάγους","Επιλογές βίγκαν",,,,,,,"€€€€","+30 21 0723 9366","Ksanthipou 10 & Dinokratous 1, Αθήνα 106 74 Ελλάδα","4"
"Delicious Souvlaki","Ελληνική","Μεσογειακή",,,,,,,,,,"€","+30 21 2100 5664","Π. Τσαλδάρη 4, Αθήνα 10431 Ελλάδα","5"
"Χρύσα Χρύσα","Μεσογειακή","Ελληνική","Ευρωπαϊκή","Κατάλληλο για χορτοφάγους","Επιλογές βίγκαν",,,,,,,"€€ - €€€","+30 21 3035 6879","Αιολέων 40 Καλλισθένους, Αθήνα 118 52 Ελλάδα","4.5"
"IL Postino","Ιταλική","Κατάλληλο για χορτοφάγους","Επιλογές βίγκαν",,,,,,,,,"€€ - €€€","+30 21 0364 1414","Γριβαίων 3, Αθήνα 106 80 Ελλάδα","4"
"Melt","Ιταλική","Ελληνική","Kαφέ","Φαγητό του δρόμου",,,,,,,,"€","+30 21 0323 1548","Αιόλου 19, Αθήνα 105 51 Ελλάδα","5"
"Shiraki","Ιαπωνική","Σούσι","Ασιατική","Υγιεινή","Επιλογές βίγκαν",,,,,,,"€€ - €€€","+30 21 0331 6217","Nikis 17, Αθήνα 10557 Ελλάδα","5"
"Omnivore","Kαφέ","Ελληνική","Wine Bar",,,,,,,,,,"+30 21 0322 1865","Πλατεία Αγίας Ειρήνης 10, Αθήνα 10645 Ελλάδα","5"
"Pita Pan","Φαστ φουντ","Μεσογειακή","Ελληνική","Κατάλληλο για χορτοφάγους",,,,,,,,"€","+30 21 0725 2525","Iofontos 33 - Caravel Sq. Pagrati, Αθήνα Ελλάδα","4.5"
"Άγγελος Σταύρος Ουζερί","Ελληνική","Μεσογειακή","Θαλασσινά",,,,,,,,,"€","+30 21 0321 5287","Αριστογείτονος θ-15 Βαρβάκειο Αγορά, Αθήνα 10552 Ελλάδα","5"
"Εξ Αρχής Γευματοπωλείο","Μεσογειακή","Ελληνική","Γκριλ","Κατάλληλο για χορτοφάγους","Επιλογές βίγκαν","Πιάτα χωρίς γλουτένη",,,,,,"€","+30 21 0380 2274","Θεμιστοκλέους 78 & Βαλτετσίου, Αθήνα 10679 Ελλάδα","4.5"
"Peacock Restaurant","Ελληνική","Κατάλληλο για χορτοφάγους",,,,,,,,,,"€€ - €€€","+30 21 0923 6682","9 Falirou Hera Hotel, Makrygianni, Αθήνα 117 42 Ελλάδα","4.5"
"Σκουμπρί ","Θαλασσινά","Μεσογειακή","Ελληνική","Κατάλληλο για χορτοφάγους","Πιάτα χωρίς γλουτένη",,,,,,,"€€ - €€€","+30 21 0921 0994","18 Δρακου Koukaki, Αθήνα 117 42 Ελλάδα","4"
"Just Pizza","Ιταλική","Πίτσα","Φαστ φουντ","Κατάλληλο για χορτοφάγους","Επιλογές βίγκαν",,,,,,,"€","+30 21 0747 0909","Mouskou 21, Zografou, Αθήνα 15771 Ελλάδα","4.5"
"Grill House Vassilis","Μεσογειακή","Ελληνική","Κατάλληλο για χορτοφάγους",,,,,,,,,"€€ - €€€","+30 21 0923 4437","Φρειδερίκου Σμιθ 14 Νέος Κόσμος, Αθήνα 117 45 Ελλάδα","4.5"
"Etnico","Ινδική","Μεξικάνικη","Λατινική","Μέσης Ανατολής","Κεντρικής Αμερικής","Αραβική","Κατάλληλο για χορτοφάγους","Επιλογές βίγκαν",,,,"€","+30 21 1411 3880","Κολοκοτρωνη 22 Χαβρίου, Αθήνα 105 62 Ελλάδα","4.5"
"Κοροβα","Μπαρ","Μεσογειακή","Ευρωπαϊκή","Σύγχρονη","Παμπ","Κατάλληλο για χορτοφάγους","Επιλογές βίγκαν",,,,,"€","+30 21 3030 1210","Κεραμεικού 93-95, Αθήνα 104 35 Ελλάδα","5"
"Kuzina","Μεσογειακή","Ευρωπαϊκή","Ελληνική","Κατάλληλο για χορτοφάγους","Επιλογές βίγκαν","Πιάτα χωρίς γλουτένη",,,,,,"€€ - €€€","+30 21 0324 0133","Αδριανού 9 Thiseio, Αθήνα Ελλάδα","4"
"Collage","Diner","Κατάλληλο για χορτοφάγους","Επιλογές βίγκαν","Πιάτα χωρίς γλουτένη",,,,,,,,"€€ - €€€","+30 21 0323 2060","Καπνικαρέας 3 Γωνία με Ερμού, Αθήνα 105 63 Ελλάδα","4"
"Γαργαρέττα","Μεσογειακή","Ευρωπαϊκή","Ελληνική","Diner","Wine Bar","Κατάλληλο για χορτοφάγους","Επιλογές βίγκαν","Πιάτα χωρίς γλουτένη",,,,"€€ - €€€","+30 21 0922 8713","1 Rovertou Galli St, Αθήνα 11742 Ελλάδα","4.5"
"BeeRaki","Μεσογειακή","Ελληνική","Κατάλληλο για χορτοφάγους","Επιλογές βίγκαν",,,,,,,,"€","+30 21 0882 2322","Ψηλορειτη 6 Σταθμος Λαρισης, Αθήνα 104 39 Ελλάδα","4.5"
"Τηλέμαχος","Μπάρμπεκιου","Ελληνική","Wine Bar","Πιάτα χωρίς γλουτένη",,,,,,,,"€€€€","+30 21 0361 3300","Πανεπιστημίου 10 Βενιζέλου Ελευθερίου, Αθήνα 10671 Ελλάδα","4"
"Indian Kitchen","Ινδική","Ασιατική","Κατάλληλο για χορτοφάγους","Επιλογές βίγκαν","Πιάτα χωρίς γλουτένη",,,,,,,"€€ - €€€","+30 21 0323 7720","Apollonos 6 Syntagma, Αθήνα 10563 Ελλάδα","4"
"Odori Vermuteria Di Atene","Ιταλική","Μπαρ","Πίτσα","Μεσογειακή","Ευρωπαϊκή","Κατάλληλο για χορτοφάγους","Επιλογές βίγκαν",,,,,"€€ - €€€","+30 21 0331 4674","Σκουλενιου 2, Αθήνα 10561 Ελλάδα","4.5"
"Κατσούρμπος","Μεσογειακή","Ελληνική","Κατάλληλο για χορτοφάγους","Επιλογές βίγκαν","Πιάτα χωρίς γλουτένη",,,,,,,"€€ - €€€","+30 21 0722 2167","Αμύντα 2 Πλατεία Μάνου Χατζιδάκι, Παγκράτι, Αθήνα 116 35 Ελλάδα","4.5"
"Hytra","Ελληνική","Υγιεινή","Κατάλληλο για χορτοφάγους","Επιλογές βίγκαν","Πιάτα χωρίς γλουτένη",,,,,,,"€€€€","+30 21 0331 6767","Λεωφόρος Σιγρού 107-109, Αθήνα 117 45 Ελλάδα","4"
"Οικειο","Μεσογειακή","Ελληνική","Κατάλληλο για χορτοφάγους","Επιλογές βίγκαν","Πιάτα χωρίς γλουτένη",,,,,,,"€€ - €€€","+30 21 0725 9216","Πλουτάρχου 15 15 Ploutarchou Street, Αθήνα 106 75 Ελλάδα","4"
"ΞΕΝΙΟΣ ΖΕΥΣ","Μεσογειακή","Ελληνική","Ψητοπωλείο","Γκριλ","Κατάλληλο για χορτοφάγους","Επιλογές βίγκαν","Πιάτα χωρίς γλουτένη",,,,,"€€ - €€€","+30 21 0324 9514","Μνησικλέους 37 Πλάκα Αναφιώτικα, Αθήνα 10556 Ελλάδα","4"
"Basegrill Athens","Ψητοπωλείο","Μπάρμπεκιου","Ελληνική","Πιάτα χωρίς γλουτένη",,,,,,,,"€€ - €€€","+30 21 0575 7455","Κωνσταντινουπόλεως 64 Περιστέρι, Αθήνα 12132 Ελλάδα","4"
"Bread and Roses","Μεσογειακή","Ελληνική","Διεθνής","Ευρωπαϊκή","Κατάλληλο για χορτοφάγους","Επιλογές βίγκαν",,,,,,"€","+30 21 0380 2898","Πανεπιστημίου 64, Αθήνα 105 64 Ελλάδα","5"
"NaanStop ινδική κουζίνα","Ινδική","Διεθνής","Ασιατική","Κατάλληλο για χορτοφάγους","Επιλογές βίγκαν","Χαλάλ",,,,,,"€","+30 21 1182 9303","Λεοφόρος Αλεξάνδρας 223, Αθήνα 11523 Ελλάδα","5"
"Γιασεμί","Kαφέ","Μεσογειακή","Ελληνική","Κατάλληλο για χορτοφάγους","Επιλογές βίγκαν","Πιάτα χωρίς γλουτένη",,,,,,"€€ - €€€","+30 21 3041 7937","Μνησικλέους 23, Αθήνα 105 56 Ελλάδα","4"
"Αιόλου 68","Θαλασσινά","Μεσογειακή","Ευρωπαϊκή","Ελληνική","Κατάλληλο για χορτοφάγους","Επιλογές βίγκαν","Πιάτα χωρίς γλουτένη",,,,,"€€ - €€€","+30 21 0324 7925","Αιόλου 68α, Αθήνα 105 59 Ελλάδα","4"
"Όξο Νου","Μεσογειακή","Ελληνική","Κατάλληλο για χορτοφάγους","Επιλογές βίγκαν","Πιάτα χωρίς γλουτένη",,,,,,,"€€ - €€€","+30 21 0380 1778","Εμμανουήλ Μπενάκη 63-65 Exarhia, Αθήνα 106 81 Ελλάδα","4.5"
"Bouloukos Kebab","Φαστ φουντ","Ελληνική","Μεσογειακή",,,,,,,,,"€","+30 697 213 8242","Athena 53, Αθήνα 10552 Ελλάδα","4.5"
"Μελίνα Μερκούρη Cafe","Kαφέ","Μεσογειακή","Ευρωπαϊκή","Ελληνική","Κατάλληλο για χορτοφάγους",,,,,,,"€€ - €€€","+30 21 0324 6501","Λυσίου 22, Αθήνα 105 56 Ελλάδα","4"
"Το Όμορφο","Μεσογειακή","Ελληνική","Κατάλληλο για χορτοφάγους","Επιλογές βίγκαν",,,,,,,,"€€ - €€€","+30 21 0722 6830","Ξενοκράτους 50, Αθήνα 10676 Ελλάδα","4.5"
"Κιμωλία Art Cafe","Μπαρ","Kαφέ","Ελληνική","Υγιεινή",,,,,,,,"€€ - €€€","+30 21 1184 8446","Νικοδημου Νικησ, Αθήνα 105 58 Ελλάδα","4.5"
"Olive Garden bar & restaurant","Μεσογειακή","Ευρωπαϊκή","Ελληνική","Κατάλληλο για χορτοφάγους",,,,,,,,"€€ - €€€","+30 21 0332 6000","Οδ. Πανεπιστημίου 52, Αθήνα 10678 Ελλάδα","4.5"
"Harvest Coffee & Wine","Kαφέ","Ευρωπαϊκή","Wine Bar","Diner","Κατάλληλο για χορτοφάγους","Επιλογές βίγκαν","Πιάτα χωρίς γλουτένη",,,,,"€€ - €€€","+30 21 3025 2284","Evripidou & Aiolou 64, Αθήνα Ελλάδα","4"
"Taverna Platanos","Μεσογειακή","Ελληνική","Κατάλληλο για χορτοφάγους","Επιλογές βίγκαν",,,,,,,,"€€ - €€€","+30 21 0322 0666","4 Diogenous Street, Αθήνα Ελλάδα","3.5"
"Αυτό Μας Ελειπε","Μεσογειακή","Ελληνική","Ευρωπαϊκή","Κατάλληλο για χορτοφάγους","Επιλογές βίγκαν",,,,,,,"€","+30 21 0512 3701","Αράχθου 4, Αθήνα 104 43 Ελλάδα","5"
"Piu Verde","Μπαρ","Kαφέ","Μεσογειακή","Κατάλληλο για χορτοφάγους","Επιλογές βίγκαν",,,,,,,"€€ - €€€","+30 21 0654 6185","Στρατ. Αλ. Παπάγου & 8ης Μεραρχίας, Αθήνα 15669 Ελλάδα","3.5"
"Το Φαληράκι","Μεσογειακή","Ελληνική","Κατάλληλο για χορτοφάγους",,,,,,,,,"€","+30 21 0924 7242","Φαλήρου 18, Αθήνα 117 42 Ελλάδα","4.5"
"Overoll Croissanterie","Γαλλική","Kαφέ",,,,,,,,,,"€€ - €€€","+30 21 1419 8151","Praxitelous 27, Αθήνα 10560 Ελλάδα","4.5"
"Davinci Gelato Ermou",,,,,,,,,,,,"€€ - €€€","+30 21 0325 0788","Ερμού 58-60, Αθήνα 10563 Ελλάδα","4.5"
"Ciccus","Μεσογειακή","Ελληνική","Ευρωπαϊκή","Κατάλληλο για χορτοφάγους",,,,,,,,"€€ - €€€","+30 21 0321 0420","Αδριανού 31, Αθήνα 105 55 Ελλάδα","4"
"Aglio, Olio & Peperoncino","Ιταλική","Μεσογειακή","Ευρωπαϊκή","Κατάλληλο για χορτοφάγους","Επιλογές βίγκαν",,,,,,,"€€ - €€€","+30 21 0921 1801","Πορινού 13, Αθήνα 117 42 Ελλάδα","4"
"Monsieur Cannibale","Μπαρ","Kαφέ","Ευρωπαϊκή","Wine Bar","Κατάλληλο για χορτοφάγους","Επιλογές βίγκαν",,,,,,"€€ - €€€","+30 21 0752 6130","Βρυάξιδος 14-24 Καισαριανή, Αθήνα 11634 Ελλάδα","4.5"
"Milk Bar",,,,,,,,,,,,"€","+30 21 0324 5153","Kidathineon 39 Plaka, Αθήνα 10558 Ελλάδα","4.5"
"Retro Gastro Funky Taverna",,,,,,,,,,,,"€€€€","+30 21 0342 7803","Iraklidon 19A, Αθήνα 11851 Ελλάδα","4.5"
"Θέσπις","Ελληνική","Μεσογειακή","Κατάλληλο για χορτοφάγους",,,,,,,,,"€€ - €€€","+30 21 0325 0592","Θέσπιδος 18 Plaka, Αθήνα 10558 Ελλάδα","4"
"Το Αυγό Του Κόκορα","Ελληνική","Μεσογειακή","Κατάλληλο για χορτοφάγους","Επιλογές βίγκαν",,,,,,,,"€€ - €€€","+30 21 0524 9750","Λεωνίδου 46, Αθήνα 104 36 Ελλάδα","4"
"Καφέ Πλάκα","Kαφέ","Μεσογειακή",,,,,,,,,,"€€ - €€€","+30 21 0322 0388","Τριπόδων 1 Πλάκα, Αθήνα 105 58 Ελλάδα","4"
"Anadolu - Ανατολιτική Κουζίνα","Τουρκική","Μέσης Ανατολής","Μπάρμπεκιου","Επιλογές βίγκαν",,,,,,,,"€€ - €€€","+30 21 0643 1990","Μπούσγου 2 Πάρκο Πεδίον του Άρεως, Γκύζη, Αθήνα 11473 Ελλάδα","4"
"Pulp","Μπαρ","Παμπ","Μπυραρία","Φαγητό του δρόμου","Μπαρ που σερβίρουν φαγητό",,,,,,,"€","+30 21 1406 9835","Βεικου 5 Κουκακι, Αθήνα 117 42 Ελλάδα","4.5"
"Drupes and Drips","Ιταλική","Μπαρ","Kαφέ","Μεσογειακή","Wine Bar",,,,,,,"€€ - €€€","+30 697 030 0404","Ζήτρου 20, Αθήνα 11742 Ελλάδα","4.5"
"Ο Γλυκύς","Ελληνική","Κατάλληλο για χορτοφάγους","Επιλογές βίγκαν",,,,,,,,,"€","+30 21 0322 3925","Γέροντα 2, Αθήνα 105 58 Ελλάδα","4"
"Chez Michel","Kαφέ","Ευρωπαϊκή","Ιαπωνική","Μπαρ","Παμπ","Κατάλληλο για χορτοφάγους","Επιλογές βίγκαν",,,,,"€€ - €€€","+30 21 5551 0090","Ηροδότου 15 Κολωνάκι, Αθήνα 106 74 Ελλάδα","4"
"Chocolatata","Ελληνική",,,,,,,,,,,"€","+30 21 0777 2690","Παπαδιαμαντοπούλου 138 Ζωγράφου, Αθήνα 15773 Ελλάδα","5"
"Luv n Roll House","Μπαρ","Μεσογειακή","Σύγχρονη","Υγιεινή","Kαφέ","Ευρωπαϊκή",,,,,,"€€ - €€€","+30 21 1418 2500","Karaiskaki 14 Psirri, Αθήνα 10554 Ελλάδα","4.5"
"Ioannis Restaurant","Ευρωπαϊκή","Ελληνική","Διεθνής","Μεσογειακή",,,,,,,,"€€€€","+30 21 0928 8444","Αθ. Διάκου 28 Στύλοι Ολυμπίου Διός, Αθήνα Ελλάδα","4.5"
"Athina Souvlaki","Ελληνική","Μεσογειακή",,,,,,,,,,"€","+30 21 0922 1999","Μακρυγιάννη 33, Αθήνα 11742 Ελλάδα","4.5"
"Μαλβάζια","Μεσογειακή","Ευρωπαϊκή","Θαλασσινά","Ελληνική","Γκριλ","Υγιεινή","Wine Bar","Κατάλληλο για χορτοφάγους","Επιλογές βίγκαν",,,"€€ - €€€","+30 21 0341 7010","Agathimerou 1 Κοντά στην περιοχή Gazi, Αθήνα 118 54 Ελλάδα","5"
"Koi Sushi Bar","Ιαπωνική","Σούσι","Ασιατική","Κατάλληλο για χορτοφάγους","Επιλογές βίγκαν","Πιάτα χωρίς γλουτένη",,,,,,"€","+30 21 0321 1099","Nikis 15, Αθήνα Ελλάδα","3.5"
"Μπαρμπαγιάννης Οινομαγειρείο","Μεσογειακή","Ελληνική","Κατάλληλο για χορτοφάγους","Επιλογές βίγκαν",,,,,,,,"€","+30 21 3033 1078","Εμμανουήλ Μπενάκη 94 Εξάρχεια, Αθήνα 10681 Ελλάδα","4"
"Byzantino Taverna","Μεσογειακή","Ελληνική","Κατάλληλο για χορτοφάγους","Επιλογές βίγκαν",,,,,,,,"€€ - €€€","+30103227368","18 Kydatheneon Street Plaka, Αθήνα 105 58 Ελλάδα","4"
"Η  Παλιά Αθήνα","Μεσογειακή","Ελληνική","Κατάλληλο για χορτοφάγους","Επιλογές βίγκαν",,,,,,,,"€€ - €€€","+30 21 0324 5777","Νίκης 46 Πλάκα, Αθήνα 10558 Ελλάδα","4"
"Nonna","Μεσογειακή","Ελληνική","Kαφέ","Φιούζιον","Diner","Επιλογές βίγκαν","Κατάλληλο για χορτοφάγους",,,,,"€€ - €€€","+30 21 3032 0321","Κακουργοδικείου 6 Μετρο Μοναστηρακι - Ψυρρή, Αθήνα 105 54 Ελλάδα","4.5"
"Σπύρος & Βασίλης","Γαλλική","Ευρωπαϊκή",,,,,,,,,,"€€€€","+30 21 0723 7575","Λάχητος 5 Κολωνάκι, Αθήνα 115 21 Ελλάδα","4"
"Η Σαμ Τα Έχει Με Λάθος Άγορι","Μεσογειακή","Ελληνική","Υγιεινή","Κατάλληλο για χορτοφάγους","Επιλογές βίγκαν",,,,,,,"€€ - €€€","+30 21 0522 2999","Λεωνίδου 80 & Σαλαμίνος, Αθήνα 104 35 Ελλάδα","4"
"Pax burgers","Αμερικανική","Φαστ φουντ",,,,,,,,,,"€€ - €€€","+30 21 0323 8151","Αιόλου 34 & 12 Αθηναΐδος, Αθήνα 10563 Ελλάδα","4"
"Αδάμ o Γυρολόγος",,,,,,,,,,,,"€","+30 697 202 8141","Νικολάου Πλαστήρα 42 Άγιοι Ανάργυροι, Αθήνα 135 61 Ελλάδα","4.5"
"Stinking Bishop","Μεσογειακή","Ευρωπαϊκή","Wine Bar","Διεθνής","Κατάλληλο για χορτοφάγους","Επιλογές βίγκαν",,,,,,"€€ - €€€","+30 21 3026 3656","Λουκιανού 36, Αθήνα 106 75 Ελλάδα","4"
"Cremino","Ελληνική",,,,,,,,,,,"€","+30 694 843 0104","Νίκης 50Α Πλάκα, Αθήνα 105 58 Ελλάδα","4.5"
"Κομπρεμί","Ελληνική","Μεσογειακή","Γκριλ","Σύγχρονη","Υγιεινή",,,,,,,"€","+30 21 0345 6553","26 Dorieon Ano Petralona, Αθήνα 118 52 Ελλάδα","5"
"Taverna Orea Penteli","Μεσογειακή","Ελληνική","Κατάλληλο για χορτοφάγους","Επιλογές βίγκαν",,,,,,,,"€€ - €€€","+30 21 0321 8627","4 Plateia Iroon, Αθήνα Ελλάδα","4"
"Ιλίσια Κάφε - Bistrot","Μεσογειακή","Ευρωπαϊκή","Ελληνική","Kαφέ","Κατάλληλο για χορτοφάγους","Επιλογές βίγκαν",,,,,,"€€ - €€€","+30 21 1012 0441","Λεωφόρος Βασιλίσσης Σοφίας 22 Byzantine & Christian Museum, Αθήνα 10675 Ελλάδα","4"
"Το Κουτούκι του Καλλίνικου","Μεσογειακή","Ελληνική",,,,,,,,,,"€€ - €€€","+30 21 0723 5107","Ηρώων Πολυτεχνείου 109-111 Kesariani, Αθήνα Ελλάδα","4.5"
"1937 Coffee Bar","Μεσογειακή",,,,,,,,,,,"€","+30 21 2105 6629","Κλειτίου 1β, Αθήνα 10560 Ελλάδα","5"
"OBA",,,,,,,,,,,,"€€ - €€€","+30 21 1750 4443","Θεμιστοκλεους 43, Αθήνα 10683 Ελλάδα","5"
"Opera Quarta","Κατάλληλο για χορτοφάγους","Επιλογές βίγκαν",,,,,,,,,,"€€ - €€€","+30 21 0364 7751","Κριεζώτου 4 Κολωνάκι, Αθήνα 106 71 Ελλάδα","4.5"
"The Pasta Shop","Ιταλική","Ευρωπαϊκή","Μεσογειακή","Κατάλληλο για χορτοφάγους","Επιλογές βίγκαν",,,,,,,"€","+30 21 1182 2222","Καλαμιώτου 9Α, Αθήνα Ελλάδα","4"
"Ice cream Cafe -14","Μεσογειακή",,,,,,,,,,,"€","+30 21 3088 9072","Αθηναϊδος 3 Monastiraki, Αθήνα 10562 Ελλάδα","5"
"chandelier plaka","Kαφέ","Ελληνική","Μεσογειακή","Κατάλληλο για χορτοφάγους","Επιλογές βίγκαν",,,,,,,"€","+30 695 525 8610","Palaiologou Mpenizelou 4, Αθήνα 11564 Ελλάδα","4.5"
"Spollati","Μπαρ","Kαφέ","Μεσογειακή","Φιούζιον","Κατάλληλο για χορτοφάγους","Επιλογές βίγκαν","Πιάτα χωρίς γλουτένη",,,,,"€€ - €€€","+30 21 5551 3004","Αιόλου 27Α, Πλατεία Αγίας Ειρήνης, Αθήνα 105 53 Ελλάδα","4"
"Κρεατοφαγειον","Ελληνική","Μεσογειακή","Γκριλ","Κατάλληλο για χορτοφάγους",,,,,,,,"€","+30 21 0723 8405","Αμύντα, 6 Παγκράτι, Αθήνα 11635 Ελλάδα","4.5"
"Επί Τώ Λαικώτερον","Μεσογειακή","Ελληνική","Κατάλληλο για χορτοφάγους",,,,,,,,,"€€ - €€€","+30 21 0211 1887","Αγ. Λαύρας 13 & Λ. Γαλατσίου, Αθήνα 111 41 Ελλάδα","4.5"
"Cocona","Ελληνική","Υγιεινή","Φαγητό του δρόμου","Φαστ φουντ",,,,,,,,"€","+30 21 0364 6563","Μηλιώνη 10, Αθήνα 10673 Ελλάδα","5"
"ΜΠΕΛ ΡΕΫ","Kαφέ","Ευρωπαϊκή","Κατάλληλο για χορτοφάγους","Επιλογές βίγκαν",,,,,,,,"€€ - €€€","+30 21 3032 6450","Φαλήρου 88 Κουκάκι, Αθήνα 117 41 Ελλάδα","4"
"Αθηναία","Μεσογειακή","Ευρωπαϊκή","Ελληνική","Κατάλληλο για χορτοφάγους","Επιλογές βίγκαν",,,,,,,"€€ - €€€","+30 21 0729 3692","Καρνεάδου 29 Ploutarchou & Karneadou Kolonaki, Αθήνα 106 75 Ελλάδα","4.5"
"Οιωνός","Μπαρ","Kαφέ","Μεσογειακή","Ελληνική","Ευρωπαϊκή","Κατάλληλο για χορτοφάγους","Επιλογές βίγκαν",,,,,"€€ - €€€","+30 21 0322 3139","Geronta 7, Αθήνα 105 58 Ελλάδα","4"
"Μαρτίνης Μαγειρείο","Μεσογειακή","Κατάλληλο για χορτοφάγους","Επιλογές βίγκαν",,,,,,,,,"€€ - €€€","+30 21 0211 1063","Πατησίων 289 & Ιακωβάτων, Αθήνα 11144 Ελλάδα","4"
"Pallas Athena Restaurant","Kαφέ","Μεσογειακή","Ελληνική","Diner","Κατάλληλο για χορτοφάγους",,,,,,,"€€ - €€€","+30 21 0325 0900","65, Athinas Str. & Lykourgou Kotzia Square, Αθήνα 10551 Ελλάδα","4.5"
"Εστρέγια Άθενς","Kαφέ","Ευρωπαϊκή","Κατάλληλο για χορτοφάγους","Επιλογές βίγκαν",,,,,,,,"€€ - €€€","+30 21 0321 8000","Ρόμβης 24Α, Αθήνα 105 62 Ελλάδα","3.5"
"Αχιλλέας","Ψητοπωλείο","Ελληνική","Κατάλληλο για χορτοφάγους","Επιλογές βίγκαν",,,,,,,,"€","+30 21 0330 2933","Βαλτετσίου 62 Πλ. Εξαρχείων, Αθήνα 15351 Ελλάδα","4.5"
"OLd Fashioned Bar","Παμπ",,,,,,,,,,,"€€ - €€€","+30 21 0321 6306","Miaouli Street 16, Αθήνα Ελλάδα","4.5"
"Ζαχαροπλαστειο Αρτεμις","Ελληνική",,,,,,,,,,,"€","+30 21 0922 8688","Μακρυγιαννη 33, Αθήνα 11742 Ελλάδα","4.5"
"Επτά 7 Εστιατόριο Μπάρ","Ιταλική","Ευρωπαϊκή","Κατάλληλο για χορτοφάγους","Επιλογές βίγκαν",,,,,,,,"€€ - €€€","+30 21 0321 2010","Ερμού 119 & Άστιγγος 10, Αθήνα 105 55 Ελλάδα","4.5"
"Tavern Metaxourgeio","Μεσογειακή","Ελληνική","Κατάλληλο για χορτοφάγους",,,,,,,,,"€€ - €€€","+30 21 7705 0103","Leonidou 46, Αθήνα Ελλάδα","4.5"
